ISO-10303-21;
HEADER;
FILE_DESCRIPTION(('Open CASCADE Model'),'2;1');
FILE_NAME('Open CASCADE Shape Model','2026-03-08T01:31:20',('Author'),(
    'Open CASCADE'),'Open CASCADE STEP processor 7.9','Open CASCADE 7.9'
  ,'Unknown');
FILE_SCHEMA(('AUTOMOTIVE_DESIGN { 1 0 10303 214 1 1 1 1 }'));
ENDSEC;
DATA;
#1 = APPLICATION_PROTOCOL_DEFINITION('international standard',
  'automotive_design',2000,#2);
#2 = APPLICATION_CONTEXT(
  'core data for automotive mechanical design processes');
#3 = SHAPE_DEFINITION_REPRESENTATION(#4,#10);
#4 = PRODUCT_DEFINITION_SHAPE('','',#5);
#5 = PRODUCT_DEFINITION('design','',#6,#9);
#6 = PRODUCT_DEFINITION_FORMATION('','',#7);
#7 = PRODUCT('Open CASCADE STEP translator 7.9 1',
  'Open CASCADE STEP translator 7.9 1','',(#8));
#8 = PRODUCT_CONTEXT('',#2,'mechanical');
#9 = PRODUCT_DEFINITION_CONTEXT('part definition',#2,'design');
#10 = ADVANCED_BREP_SHAPE_REPRESENTATION('',(#11,#15),#5082);
#11 = AXIS2_PLACEMENT_3D('',#12,#13,#14);
#12 = CARTESIAN_POINT('',(0.,0.,0.));
#13 = DIRECTION('',(0.,0.,1.));
#14 = DIRECTION('',(1.,0.,-0.));
#15 = MANIFOLD_SOLID_BREP('',#16);
#16 = CLOSED_SHELL('',(#17,#139,#337,#507,#765,#836,#923,#1354,#1431,
    #1712,#1859,#2050,#2170,#2408,#2455,#2568,#2644,#3044,#3178,#3224,
    #3250,#3281,#3327,#3353,#3379,#3405,#3431,#3462,#3508,#3534,#3560,
    #3586,#3612,#3705,#3751,#3777,#3803,#3834,#3880,#3886,#3912,#3919,
    #3965,#3991,#4022,#4068,#4094,#4100,#4127,#4173,#4199,#4225,#4256,
    #4302,#4308,#4313,#4318,#4323,#4329,#4334,#4339,#4346,#4351,#4356,
    #4383,#4413,#4418,#4450,#4478,#4505,#4532,#4563,#4570,#4616,#4622,
    #4648,#4674,#4700,#4706,#4732,#4738,#4784,#4790,#4816,#4842,#4868,
    #4894,#4920,#4946,#4972,#4998,#5024,#5050,#5076));
#17 = ADVANCED_FACE('',(#18),#33,.T.);
#18 = FACE_BOUND('',#19,.F.);
#19 = EDGE_LOOP('',(#20,#56,#84,#113));
#20 = ORIENTED_EDGE('',*,*,#21,.T.);
#21 = EDGE_CURVE('',#22,#24,#26,.T.);
#22 = VERTEX_POINT('',#23);
#23 = CARTESIAN_POINT('',(13.121888160706,-2.,18.544710159302));
#24 = VERTEX_POINT('',#25);
#25 = CARTESIAN_POINT('',(15.121888160706,-2.,20.544710159302));
#26 = SURFACE_CURVE('',#27,(#32,#44),.PCURVE_S1.);
#27 = CIRCLE('',#28,1.999999042136);
#28 = AXIS2_PLACEMENT_3D('',#29,#30,#31);
#29 = CARTESIAN_POINT('',(15.121886970388,-1.999999104619,
    18.544709628976));
#30 = DIRECTION('',(-4.476908180493E-07,1.,4.476908180493E-07));
#31 = DIRECTION('',(2.14729687435E-30,-4.476908180493E-07,1.));
#32 = PCURVE('',#33,#38);
#33 = CYLINDRICAL_SURFACE('',#34,1.99999965949);
#34 = AXIS2_PLACEMENT_3D('',#35,#36,#37);
#35 = CARTESIAN_POINT('',(15.121887508274,0.,18.544709628705));
#36 = DIRECTION('',(0.,-1.,0.));
#37 = DIRECTION('',(0.,-0.,-1.));
#38 = DEFINITIONAL_REPRESENTATION('',(#39),#43);
#39 = LINE('',#40,#41);
#40 = CARTESIAN_POINT('',(9.424777960634,2.000000000002));
#41 = VECTOR('',#42,1.);
#42 = DIRECTION('',(-1.,-4.903708338717E-13));
#43 = ( GEOMETRIC_REPRESENTATION_CONTEXT(2) 
PARAMETRIC_REPRESENTATION_CONTEXT() REPRESENTATION_CONTEXT('2D SPACE',''
  ) );
#44 = PCURVE('',#45,#50);
#45 = SPHERICAL_SURFACE('',#46,1.999999042136);
#46 = AXIS2_PLACEMENT_3D('',#47,#48,#49);
#47 = CARTESIAN_POINT('',(15.121886970388,-1.999999104619,
    18.544709628976));
#48 = DIRECTION('',(0.,0.,1.));
#49 = DIRECTION('',(1.,0.,-0.));
#50 = DEFINITIONAL_REPRESENTATION('',(#51),#55);
#51 = LINE('',#52,#53);
#52 = CARTESIAN_POINT('',(7.494309292576,-1.805678044945));
#53 = VECTOR('',#54,1.);
#54 = DIRECTION('',(-0.923675011653,0.383176816689));
#55 = ( GEOMETRIC_REPRESENTATION_CONTEXT(2) 
PARAMETRIC_REPRESENTATION_CONTEXT() REPRESENTATION_CONTEXT('2D SPACE',''
  ) );
#56 = ORIENTED_EDGE('',*,*,#57,.T.);
#57 = EDGE_CURVE('',#24,#58,#60,.T.);
#58 = VERTEX_POINT('',#59);
#59 = CARTESIAN_POINT('',(15.121888160706,-8.,20.544710159302));
#60 = SURFACE_CURVE('',#61,(#65,#72),.PCURVE_S1.);
#61 = LINE('',#62,#63);
#62 = CARTESIAN_POINT('',(15.121887508274,-2.,20.544709288195));
#63 = VECTOR('',#64,1.);
#64 = DIRECTION('',(0.,-1.,0.));
#65 = PCURVE('',#33,#66);
#66 = DEFINITIONAL_REPRESENTATION('',(#67),#71);
#67 = LINE('',#68,#69);
#68 = CARTESIAN_POINT('',(3.14159265359,2.));
#69 = VECTOR('',#70,1.);
#70 = DIRECTION('',(0.,1.));
#71 = ( GEOMETRIC_REPRESENTATION_CONTEXT(2) 
PARAMETRIC_REPRESENTATION_CONTEXT() REPRESENTATION_CONTEXT('2D SPACE',''
  ) );
#72 = PCURVE('',#73,#78);
#73 = PLANE('',#74);
#74 = AXIS2_PLACEMENT_3D('',#75,#76,#77);
#75 = CARTESIAN_POINT('',(0.,0.,20.544710159302));
#76 = DIRECTION('',(0.,0.,1.));
#77 = DIRECTION('',(1.,0.,-0.));
#78 = DEFINITIONAL_REPRESENTATION('',(#79),#83);
#79 = LINE('',#80,#81);
#80 = CARTESIAN_POINT('',(15.121887508274,-2.));
#81 = VECTOR('',#82,1.);
#82 = DIRECTION('',(0.,-1.));
#83 = ( GEOMETRIC_REPRESENTATION_CONTEXT(2) 
PARAMETRIC_REPRESENTATION_CONTEXT() REPRESENTATION_CONTEXT('2D SPACE',''
  ) );
#84 = ORIENTED_EDGE('',*,*,#85,.T.);
#85 = EDGE_CURVE('',#58,#86,#88,.T.);
#86 = VERTEX_POINT('',#87);
#87 = CARTESIAN_POINT('',(13.121888160706,-8.,18.544710159302));
#88 = SURFACE_CURVE('',#89,(#94,#101),.PCURVE_S1.);
#89 = CIRCLE('',#90,1.999999137427);
#90 = AXIS2_PLACEMENT_3D('',#91,#92,#93);
#91 = CARTESIAN_POINT('',(15.121887035912,-8.000000859934,
    18.544709545854));
#92 = DIRECTION('',(-4.299670102368E-07,-1.,4.299670102368E-07));
#93 = DIRECTION('',(-1.939347521842E-29,-4.299670102369E-07,-1.));
#94 = PCURVE('',#33,#95);
#95 = DEFINITIONAL_REPRESENTATION('',(#96),#100);
#96 = LINE('',#97,#98);
#97 = CARTESIAN_POINT('',(2.361811657359E-07,8.000000000002));
#98 = VECTOR('',#99,1.);
#99 = DIRECTION('',(1.,-4.755282459338E-13));
#100 = ( GEOMETRIC_REPRESENTATION_CONTEXT(2) 
PARAMETRIC_REPRESENTATION_CONTEXT() REPRESENTATION_CONTEXT('2D SPACE',''
  ) );
#101 = PCURVE('',#102,#107);
#102 = SPHERICAL_SURFACE('',#103,1.999999137427);
#103 = AXIS2_PLACEMENT_3D('',#104,#105,#106);
#104 = CARTESIAN_POINT('',(15.121887035912,-8.000000859934,
    18.544709545854));
#105 = DIRECTION('',(0.,0.,1.));
#106 = DIRECTION('',(1.,0.,-0.));
#107 = DEFINITIONAL_REPRESENTATION('',(#108),#112);
#108 = LINE('',#109,#110);
#109 = CARTESIAN_POINT('',(9.838605057948,2.772465371044));
#110 = VECTOR('',#111,1.);
#111 = DIRECTION('',(-0.923954071175,-0.38250343052));
#112 = ( GEOMETRIC_REPRESENTATION_CONTEXT(2) 
PARAMETRIC_REPRESENTATION_CONTEXT() REPRESENTATION_CONTEXT('2D SPACE',''
  ) );
#113 = ORIENTED_EDGE('',*,*,#114,.F.);
#114 = EDGE_CURVE('',#22,#86,#115,.T.);
#115 = SURFACE_CURVE('',#116,(#120,#127),.PCURVE_S1.);
#116 = LINE('',#117,#118);
#117 = CARTESIAN_POINT('',(13.121887848784,-2.,18.544709628705));
#118 = VECTOR('',#119,1.);
#119 = DIRECTION('',(0.,-1.,0.));
#120 = PCURVE('',#33,#121);
#121 = DEFINITIONAL_REPRESENTATION('',(#122),#126);
#122 = LINE('',#123,#124);
#123 = CARTESIAN_POINT('',(4.712388980385,2.));
#124 = VECTOR('',#125,1.);
#125 = DIRECTION('',(0.,1.));
#126 = ( GEOMETRIC_REPRESENTATION_CONTEXT(2) 
PARAMETRIC_REPRESENTATION_CONTEXT() REPRESENTATION_CONTEXT('2D SPACE',''
  ) );
#127 = PCURVE('',#128,#133);
#128 = PLANE('',#129);
#129 = AXIS2_PLACEMENT_3D('',#130,#131,#132);
#130 = CARTESIAN_POINT('',(13.121888160706,-0.,-0.));
#131 = DIRECTION('',(-1.,0.,0.));
#132 = DIRECTION('',(0.,0.,-1.));
#133 = DEFINITIONAL_REPRESENTATION('',(#134),#138);
#134 = LINE('',#135,#136);
#135 = CARTESIAN_POINT('',(-18.5447096287,2.));
#136 = VECTOR('',#137,1.);
#137 = DIRECTION('',(0.,1.));
#138 = ( GEOMETRIC_REPRESENTATION_CONTEXT(2) 
PARAMETRIC_REPRESENTATION_CONTEXT() REPRESENTATION_CONTEXT('2D SPACE',''
  ) );
#139 = ADVANCED_FACE('',(#140),#45,.T.);
#140 = FACE_BOUND('',#141,.T.);
#141 = EDGE_LOOP('',(#142,#143,#172,#201,#230,#259,#288,#315));
#142 = ORIENTED_EDGE('',*,*,#21,.T.);
#143 = ORIENTED_EDGE('',*,*,#144,.F.);
#144 = EDGE_CURVE('',#145,#24,#147,.T.);
#145 = VERTEX_POINT('',#146);
#146 = CARTESIAN_POINT('',(15.121888160706,0.,18.544710159302));
#147 = SURFACE_CURVE('',#148,(#153,#160),.PCURVE_S1.);
#148 = CIRCLE('',#149,1.999999042136);
#149 = AXIS2_PLACEMENT_3D('',#150,#151,#152);
#150 = CARTESIAN_POINT('',(15.121886970388,-1.999999104619,
    18.544709628976));
#151 = DIRECTION('',(1.,-5.951587021522E-07,-5.951587021522E-07));
#152 = DIRECTION('',(5.951587021523E-07,-6.353594776235E-29,1.));
#153 = PCURVE('',#45,#154);
#154 = DEFINITIONAL_REPRESENTATION('',(#155),#159);
#155 = LINE('',#156,#157);
#156 = CARTESIAN_POINT('',(5.4151324954,-2.725378102757));
#157 = VECTOR('',#158,1.);
#158 = DIRECTION('',(-0.81579355258,0.578343219524));
#159 = ( GEOMETRIC_REPRESENTATION_CONTEXT(2) 
PARAMETRIC_REPRESENTATION_CONTEXT() REPRESENTATION_CONTEXT('2D SPACE',''
  ) );
#160 = PCURVE('',#161,#166);
#161 = CYLINDRICAL_SURFACE('',#162,2.00000041149);
#162 = AXIS2_PLACEMENT_3D('',#163,#164,#165);
#163 = CARTESIAN_POINT('',(0.,-2.000000147713,18.544708901502));
#164 = DIRECTION('',(1.,0.,0.));
#165 = DIRECTION('',(-0.,0.,1.));
#166 = DEFINITIONAL_REPRESENTATION('',(#167),#171);
#167 = LINE('',#168,#169);
#168 = CARTESIAN_POINT('',(3.637368060083E-07,15.121888160708));
#169 = VECTOR('',#170,1.);
#170 = DIRECTION('',(1.,-5.405531797004E-13));
#171 = ( GEOMETRIC_REPRESENTATION_CONTEXT(2) 
PARAMETRIC_REPRESENTATION_CONTEXT() REPRESENTATION_CONTEXT('2D SPACE',''
  ) );
#172 = ORIENTED_EDGE('',*,*,#173,.T.);
#173 = EDGE_CURVE('',#145,#174,#176,.T.);
#174 = VERTEX_POINT('',#175);
#175 = CARTESIAN_POINT('',(14.503854751587,-9.788696467876E-02,
    18.544710159302));
#176 = SURFACE_CURVE('',#177,(#182,#189),.PCURVE_S1.);
#177 = CIRCLE('',#178,0.312962101854);
#178 = AXIS2_PLACEMENT_3D('',#179,#180,#181);
#179 = CARTESIAN_POINT('',(14.812874448775,-4.897260359198E-02,
    18.552308650304));
#180 = DIRECTION('',(-0.156433446391,0.987681010342,3.846902673446E-03)
  );
#181 = DIRECTION('',(-0.987688318601,-0.156434603907,1.088202671227E-19)
  );
#182 = PCURVE('',#45,#183);
#183 = DEFINITIONAL_REPRESENTATION('',(#184),#188);
#184 = LINE('',#185,#186);
#185 = CARTESIAN_POINT('',(-1.595078528366,6.613155612145E-07));
#186 = VECTOR('',#187,1.);
#187 = DIRECTION('',(1.,-1.236010230115E-07));
#188 = ( GEOMETRIC_REPRESENTATION_CONTEXT(2) 
PARAMETRIC_REPRESENTATION_CONTEXT() REPRESENTATION_CONTEXT('2D SPACE',''
  ) );
#189 = PCURVE('',#190,#195);
#190 = PLANE('',#191);
#191 = AXIS2_PLACEMENT_3D('',#192,#193,#194);
#192 = CARTESIAN_POINT('',(0.358894209637,-2.265966797751,
    -8.825677157842E-03));
#193 = DIRECTION('',(-0.156433446391,0.987681010342,3.846902673446E-03)
  );
#194 = DIRECTION('',(0.987688318601,0.156434603907,-1.088202671227E-19)
  );
#195 = DEFINITIONAL_REPRESENTATION('',(#196),#200);
#196 = CIRCLE('',#197,0.312962101854);
#197 = AXIS2_PLACEMENT_2D('',#198,#199);
#198 = CARTESIAN_POINT('',(14.622842048111,-18.56127166894));
#199 = DIRECTION('',(-1.,-6.849516079748E-20));
#200 = ( GEOMETRIC_REPRESENTATION_CONTEXT(2) 
PARAMETRIC_REPRESENTATION_CONTEXT() REPRESENTATION_CONTEXT('2D SPACE',''
  ) );
#201 = ORIENTED_EDGE('',*,*,#202,.T.);
#202 = EDGE_CURVE('',#174,#203,#205,.T.);
#203 = VERTEX_POINT('',#204);
#204 = CARTESIAN_POINT('',(13.946316719055,-0.381965994835,
    18.544710159302));
#205 = SURFACE_CURVE('',#206,(#211,#218),.PCURVE_S1.);
#206 = CIRCLE('',#207,0.366698982455);
#207 = AXIS2_PLACEMENT_3D('',#208,#209,#210);
#208 = CARTESIAN_POINT('',(14.233493857912,-0.256425663378,
    18.735070752938));
#209 = DIRECTION('',(-0.451856745288,0.886820720766,9.682195493723E-02)
  );
#210 = DIRECTION('',(-0.891006922917,-0.45398971719,-4.788196671939E-20)
  );
#211 = PCURVE('',#45,#212);
#212 = DEFINITIONAL_REPRESENTATION('',(#213),#217);
#213 = LINE('',#214,#215);
#214 = CARTESIAN_POINT('',(-1.805331890008,-6.613509476158E-06));
#215 = VECTOR('',#216,1.);
#216 = DIRECTION('',(0.999999999999,1.725313956588E-06));
#217 = ( GEOMETRIC_REPRESENTATION_CONTEXT(2) 
PARAMETRIC_REPRESENTATION_CONTEXT() REPRESENTATION_CONTEXT('2D SPACE',''
  ) );
#218 = PCURVE('',#219,#224);
#219 = PLANE('',#220);
#220 = AXIS2_PLACEMENT_3D('',#221,#222,#223);
#221 = CARTESIAN_POINT('',(2.18921774597,-4.296591075911,-0.469096332319
    ));
#222 = DIRECTION('',(-0.451856745288,0.886820720766,9.682195493723E-02)
  );
#223 = DIRECTION('',(0.891006922917,0.45398971719,4.788196671939E-20));
#224 = DEFINITIONAL_REPRESENTATION('',(#225),#229);
#225 = CIRCLE('',#226,0.366698982455);
#226 = AXIS2_PLACEMENT_2D('',#227,#228);
#227 = CARTESIAN_POINT('',(12.5657269503,-19.29481959672));
#228 = DIRECTION('',(-1.,-7.09232464254E-18));
#229 = ( GEOMETRIC_REPRESENTATION_CONTEXT(2) 
PARAMETRIC_REPRESENTATION_CONTEXT() REPRESENTATION_CONTEXT('2D SPACE',''
  ) );
#230 = ORIENTED_EDGE('',*,*,#231,.T.);
#231 = EDGE_CURVE('',#203,#232,#234,.T.);
#232 = VERTEX_POINT('',#233);
#233 = CARTESIAN_POINT('',(13.503853797913,-0.824429512024,
    18.544710159302));
#234 = SURFACE_CURVE('',#235,(#240,#247),.PCURVE_S1.);
#235 = CIRCLE('',#236,1.999999042136);
#236 = AXIS2_PLACEMENT_3D('',#237,#238,#239);
#237 = CARTESIAN_POINT('',(15.121886970388,-1.999999104619,
    18.544709628976));
#238 = DIRECTION('',(1.898357936042E-07,-1.898355378748E-07,1.));
#239 = DIRECTION('',(1.,-3.726837685304E-30,-1.898357936042E-07));
#240 = PCURVE('',#45,#241);
#241 = DEFINITIONAL_REPRESENTATION('',(#242),#246);
#242 = LINE('',#243,#244);
#243 = CARTESIAN_POINT('',(-2.30926389122E-14,2.65162552345E-07));
#244 = VECTOR('',#245,1.);
#245 = DIRECTION('',(1.,1.413580660112E-13));
#246 = ( GEOMETRIC_REPRESENTATION_CONTEXT(2) 
PARAMETRIC_REPRESENTATION_CONTEXT() REPRESENTATION_CONTEXT('2D SPACE',''
  ) );
#247 = PCURVE('',#248,#253);
#248 = CYLINDRICAL_SURFACE('',#249,1.913880119541);
#249 = AXIS2_PLACEMENT_3D('',#250,#251,#252);
#250 = CARTESIAN_POINT('',(14.979976753283,-2.033234646351,
    -5.584267585401E-02));
#251 = DIRECTION('',(4.433343979468E-03,5.198621470306E-03,
    0.999976659626));
#252 = DIRECTION('',(0.,0.999986486811,-5.198672559313E-03));
#253 = DEFINITIONAL_REPRESENTATION('',(#254),#258);
#254 = LINE('',#255,#256);
#255 = CARTESIAN_POINT('',(-1.576232016045,18.63266071353));
#256 = VECTOR('',#257,1.);
#257 = DIRECTION('',(0.999915781282,-1.297807165565E-02));
#258 = ( GEOMETRIC_REPRESENTATION_CONTEXT(2) 
PARAMETRIC_REPRESENTATION_CONTEXT() REPRESENTATION_CONTEXT('2D SPACE',''
  ) );
#259 = ORIENTED_EDGE('',*,*,#260,.T.);
#260 = EDGE_CURVE('',#232,#261,#263,.T.);
#261 = VERTEX_POINT('',#262);
#262 = CARTESIAN_POINT('',(13.219774246216,-1.381965994835,
    18.544710159302));
#263 = SURFACE_CURVE('',#264,(#269,#276),.PCURVE_S1.);
#264 = CIRCLE('',#265,0.36669894072);
#265 = AXIS2_PLACEMENT_3D('',#266,#267,#268);
#266 = CARTESIAN_POINT('',(13.378315039358,-1.11160373797,
    18.735074145787));
#267 = DIRECTION('',(-0.886819949128,0.451857890022,9.68236802331E-02));
#268 = DIRECTION('',(-0.453990943883,-0.891006297886,-2.42646005249E-18)
  );
#269 = PCURVE('',#45,#270);
#270 = DEFINITIONAL_REPRESENTATION('',(#271),#275);
#271 = LINE('',#272,#273);
#272 = CARTESIAN_POINT('',(-1.177021301668,-7.84297166999E-06));
#273 = VECTOR('',#274,1.);
#274 = DIRECTION('',(0.999999999998,2.135843953871E-06));
#275 = ( GEOMETRIC_REPRESENTATION_CONTEXT(2) 
PARAMETRIC_REPRESENTATION_CONTEXT() REPRESENTATION_CONTEXT('2D SPACE',''
  ) );
#276 = PCURVE('',#277,#282);
#277 = PLANE('',#278);
#278 = AXIS2_PLACEMENT_3D('',#279,#280,#281);
#279 = CARTESIAN_POINT('',(9.358118519885,-4.768205421099,
    -1.021726536535));
#280 = DIRECTION('',(-0.886819949128,0.451857890022,9.68236802331E-02));
#281 = DIRECTION('',(-0.453990943883,-0.891006297886,-2.42646005249E-18)
  );
#282 = DEFINITIONAL_REPRESENTATION('',(#283),#287);
#283 = CIRCLE('',#284,0.36669894072);
#284 = AXIS2_PLACEMENT_2D('',#285,#286);
#285 = CARTESIAN_POINT('',(-5.083187940998,19.850065226133));
#286 = DIRECTION('',(1.,1.714237747287E-18));
#287 = ( GEOMETRIC_REPRESENTATION_CONTEXT(2) 
PARAMETRIC_REPRESENTATION_CONTEXT() REPRESENTATION_CONTEXT('2D SPACE',''
  ) );
#288 = ORIENTED_EDGE('',*,*,#289,.F.);
#289 = EDGE_CURVE('',#24,#261,#290,.T.);
#290 = SURFACE_CURVE('',#291,(#296,#303),.PCURVE_S1.);
#291 = CIRCLE('',#292,0.312868356305);
#292 = AXIS2_PLACEMENT_3D('',#293,#294,#295);
#293 = CARTESIAN_POINT('',(13.170830890774,-1.690984971661,
    18.544709628976));
#294 = DIRECTION('',(-0.987688558997,0.156433086101,0.));
#295 = DIRECTION('',(-0.156433086101,-0.987688558997,0.));
#296 = PCURVE('',#45,#297);
#297 = DEFINITIONAL_REPRESENTATION('',(#298),#302);
#298 = LINE('',#299,#300);
#299 = CARTESIAN_POINT('',(3.14159553016,2.651641350981E-07));
#300 = VECTOR('',#301,1.);
#301 = DIRECTION('',(-1.,-1.078280705604E-11));
#302 = ( GEOMETRIC_REPRESENTATION_CONTEXT(2) 
PARAMETRIC_REPRESENTATION_CONTEXT() REPRESENTATION_CONTEXT('2D SPACE',''
  ) );
#303 = PCURVE('',#304,#309);
#304 = PLANE('',#305);
#305 = AXIS2_PLACEMENT_3D('',#306,#307,#308);
#306 = CARTESIAN_POINT('',(13.109792700916,-2.076368417626,-0.));
#307 = DIRECTION('',(-0.987688558997,0.156433086101,0.));
#308 = DIRECTION('',(-0.156433086101,-0.987688558997,0.));
#309 = DEFINITIONAL_REPRESENTATION('',(#310),#314);
#310 = CIRCLE('',#311,0.312868356305);
#311 = AXIS2_PLACEMENT_2D('',#312,#313);
#312 = CARTESIAN_POINT('',(-0.390187212816,18.544709628976));
#313 = DIRECTION('',(1.,0.));
#314 = ( GEOMETRIC_REPRESENTATION_CONTEXT(2) 
PARAMETRIC_REPRESENTATION_CONTEXT() REPRESENTATION_CONTEXT('2D SPACE',''
  ) );
#315 = ORIENTED_EDGE('',*,*,#316,.F.);
#316 = EDGE_CURVE('',#22,#24,#317,.T.);
#317 = SURFACE_CURVE('',#318,(#323,#330),.PCURVE_S1.);
#318 = CIRCLE('',#319,0.312868356305);
#319 = AXIS2_PLACEMENT_3D('',#320,#321,#322);
#320 = CARTESIAN_POINT('',(13.170830890774,-1.690984971661,
    18.544709628976));
#321 = DIRECTION('',(-0.987688558997,0.156433086101,0.));
#322 = DIRECTION('',(-0.156433086101,-0.987688558997,0.));
#323 = PCURVE('',#45,#324);
#324 = DEFINITIONAL_REPRESENTATION('',(#325),#329);
#325 = LINE('',#326,#327);
#326 = CARTESIAN_POINT('',(3.14159553016,2.651641350981E-07));
#327 = VECTOR('',#328,1.);
#328 = DIRECTION('',(-1.,-1.078280705604E-11));
#329 = ( GEOMETRIC_REPRESENTATION_CONTEXT(2) 
PARAMETRIC_REPRESENTATION_CONTEXT() REPRESENTATION_CONTEXT('2D SPACE',''
  ) );
#330 = PCURVE('',#304,#331);
#331 = DEFINITIONAL_REPRESENTATION('',(#332),#336);
#332 = CIRCLE('',#333,0.312868356305);
#333 = AXIS2_PLACEMENT_2D('',#334,#335);
#334 = CARTESIAN_POINT('',(-0.390187212816,18.544709628976));
#335 = DIRECTION('',(1.,0.));
#336 = ( GEOMETRIC_REPRESENTATION_CONTEXT(2) 
PARAMETRIC_REPRESENTATION_CONTEXT() REPRESENTATION_CONTEXT('2D SPACE',''
  ) );
#337 = ADVANCED_FACE('',(#338),#353,.T.);
#338 = FACE_BOUND('',#339,.T.);
#339 = EDGE_LOOP('',(#340,#376,#405,#434,#463,#487));
#340 = ORIENTED_EDGE('',*,*,#341,.T.);
#341 = EDGE_CURVE('',#342,#344,#346,.T.);
#342 = VERTEX_POINT('',#343);
#343 = CARTESIAN_POINT('',(13.121888160706,-2.,12.544710159302));
#344 = VERTEX_POINT('',#345);
#345 = CARTESIAN_POINT('',(14.010747909546,-2.,10.881770133972));
#346 = SURFACE_CURVE('',#347,(#352,#364),.PCURVE_S1.);
#347 = CIRCLE('',#348,1.999999719955);
#348 = AXIS2_PLACEMENT_3D('',#349,#350,#351);
#349 = CARTESIAN_POINT('',(15.121887647394,-1.999999759464,
    12.544709515258));
#350 = DIRECTION('',(1.202678228659E-07,-1.,6.428447520527E-08));
#351 = DIRECTION('',(-1.,-1.202678228659E-07,-3.04820660373E-31));
#352 = PCURVE('',#353,#358);
#353 = CYLINDRICAL_SURFACE('',#354,2.007775126575);
#354 = AXIS2_PLACEMENT_3D('',#355,#356,#357);
#355 = CARTESIAN_POINT('',(15.119188269134,9.09727127659E-03,
    12.55687197529));
#356 = DIRECTION('',(2.218286316838E-03,-0.999995645239,
    -1.946460619099E-03));
#357 = DIRECTION('',(-0.999997539591,-2.21829051907E-03,0.));
#358 = DEFINITIONAL_REPRESENTATION('',(#359),#363);
#359 = LINE('',#360,#361);
#360 = CARTESIAN_POINT('',(-6.278969833753,1.971259636763));
#361 = VECTOR('',#362,1.);
#362 = DIRECTION('',(0.999985852569,5.319272619102E-03));
#363 = ( GEOMETRIC_REPRESENTATION_CONTEXT(2) 
PARAMETRIC_REPRESENTATION_CONTEXT() REPRESENTATION_CONTEXT('2D SPACE',''
  ) );
#364 = PCURVE('',#365,#370);
#365 = SPHERICAL_SURFACE('',#366,1.999999719955);
#366 = AXIS2_PLACEMENT_3D('',#367,#368,#369);
#367 = CARTESIAN_POINT('',(15.121887647394,-1.999999759464,
    12.544709515258));
#368 = DIRECTION('',(0.,0.,1.));
#369 = DIRECTION('',(1.,0.,-0.));
#370 = DEFINITIONAL_REPRESENTATION('',(#371),#375);
#371 = LINE('',#372,#373);
#372 = CARTESIAN_POINT('',(9.424777465303,6.28318530718));
#373 = VECTOR('',#374,1.);
#374 = DIRECTION('',(9.799721779201E-08,-1.));
#375 = ( GEOMETRIC_REPRESENTATION_CONTEXT(2) 
PARAMETRIC_REPRESENTATION_CONTEXT() REPRESENTATION_CONTEXT('2D SPACE',''
  ) );
#376 = ORIENTED_EDGE('',*,*,#377,.T.);
#377 = EDGE_CURVE('',#344,#378,#380,.T.);
#378 = VERTEX_POINT('',#379);
#379 = CARTESIAN_POINT('',(13.707674026489,-8.,11.130496025085));
#380 = SURFACE_CURVE('',#381,(#386,#393),.PCURVE_S1.);
#381 = ELLIPSE('',#382,1.614500812954E+03,2.007775126575);
#382 = AXIS2_PLACEMENT_3D('',#383,#384,#385);
#383 = CARTESIAN_POINT('',(11.567592809425,1.601055800035E+03,
    15.673259902683));
#384 = DIRECTION('',(-0.649447724052,1.283032085043E-03,-0.76040516013)
  );
#385 = DIRECTION('',(1.410641492616E-03,-0.999994822927,
    -2.892094195086E-03));
#386 = PCURVE('',#353,#387);
#387 = DEFINITIONAL_REPRESENTATION('',(#388),#392);
#388 = LINE('',#389,#390);
#389 = CARTESIAN_POINT('',(1.189654720437,-4.150742902755));
#390 = VECTOR('',#391,1.);
#391 = DIRECTION('',(-3.351947900102E-02,0.999438064378));
#392 = ( GEOMETRIC_REPRESENTATION_CONTEXT(2) 
PARAMETRIC_REPRESENTATION_CONTEXT() REPRESENTATION_CONTEXT('2D SPACE',''
  ) );
#393 = PCURVE('',#394,#399);
#394 = PLANE('',#395);
#395 = AXIS2_PLACEMENT_3D('',#396,#397,#398);
#396 = CARTESIAN_POINT('',(11.285043018459,-2.229443839364E-02,
    13.213080323057));
#397 = DIRECTION('',(-0.649447724052,1.283032085043E-03,-0.76040516013)
  );
#398 = DIRECTION('',(-0.760405786009,1.691829453683E-20,0.649448258604)
  );
#399 = DEFINITIONAL_REPRESENTATION('',(#400),#404);
#400 = ELLIPSE('',#401,1.614500812954E+03,2.007775126575);
#401 = AXIS2_PLACEMENT_2D('',#402,#403);
#402 = CARTESIAN_POINT('',(1.382906847954,1.601079412299E+03));
#403 = DIRECTION('',(-2.950925491687E-03,-0.99999564601));
#404 = ( GEOMETRIC_REPRESENTATION_CONTEXT(2) 
PARAMETRIC_REPRESENTATION_CONTEXT() REPRESENTATION_CONTEXT('2D SPACE',''
  ) );
#405 = ORIENTED_EDGE('',*,*,#406,.T.);
#406 = EDGE_CURVE('',#378,#407,#409,.T.);
#407 = VERTEX_POINT('',#408);
#408 = CARTESIAN_POINT('',(13.503853797913,-8.,11.369138717651));
#409 = SURFACE_CURVE('',#410,(#415,#422),.PCURVE_S1.);
#410 = CIRCLE('',#411,1.999999766061);
#411 = AXIS2_PLACEMENT_3D('',#412,#413,#414);
#412 = CARTESIAN_POINT('',(15.121887720668,-8.000000390311,
    12.544709644709));
#413 = DIRECTION('',(1.488561755877E-07,1.,1.271352556708E-07));
#414 = DIRECTION('',(1.,-1.488561755877E-07,1.845319422353E-30));
#415 = PCURVE('',#353,#416);
#416 = DEFINITIONAL_REPRESENTATION('',(#417),#421);
#417 = LINE('',#418,#419);
#418 = CARTESIAN_POINT('',(3.135042826007,8.022520997293));
#419 = VECTOR('',#420,1.);
#420 = DIRECTION('',(-0.999982814973,-5.86257274967E-03));
#421 = ( GEOMETRIC_REPRESENTATION_CONTEXT(2) 
PARAMETRIC_REPRESENTATION_CONTEXT() REPRESENTATION_CONTEXT('2D SPACE',''
  ) );
#422 = PCURVE('',#423,#428);
#423 = SPHERICAL_SURFACE('',#424,1.999999766061);
#424 = AXIS2_PLACEMENT_3D('',#425,#426,#427);
#425 = CARTESIAN_POINT('',(15.121887720668,-8.000000390311,
    12.544709644709));
#426 = DIRECTION('',(0.,0.,1.));
#427 = DIRECTION('',(1.,0.,-0.));
#428 = DEFINITIONAL_REPRESENTATION('',(#429),#433);
#429 = LINE('',#430,#431);
#430 = CARTESIAN_POINT('',(-3.141593451073,6.572520305781E-14));
#431 = VECTOR('',#432,1.);
#432 = DIRECTION('',(2.213278029905E-07,1.));
#433 = ( GEOMETRIC_REPRESENTATION_CONTEXT(2) 
PARAMETRIC_REPRESENTATION_CONTEXT() REPRESENTATION_CONTEXT('2D SPACE',''
  ) );
#434 = ORIENTED_EDGE('',*,*,#435,.F.);
#435 = EDGE_CURVE('',#436,#407,#438,.T.);
#436 = VERTEX_POINT('',#437);
#437 = CARTESIAN_POINT('',(13.219774246216,-8.,11.926675796509));
#438 = SURFACE_CURVE('',#439,(#444,#451),.PCURVE_S1.);
#439 = ELLIPSE('',#440,20.971943765193,2.007775126575);
#440 = AXIS2_PLACEMENT_3D('',#441,#442,#443);
#441 = CARTESIAN_POINT('',(15.182784566347,-28.65988913646,
    12.501068679248));
#442 = DIRECTION('',(-0.886820126619,-9.682436402743E-02,-0.451857395153
    ));
#443 = DIRECTION('',(8.752112194279E-02,-0.995297708679,
    4.150330484529E-02));
#444 = PCURVE('',#353,#445);
#445 = DEFINITIONAL_REPRESENTATION('',(#446),#450);
#446 = LINE('',#447,#448);
#447 = CARTESIAN_POINT('',(-2.669732396759,8.09522064508));
#448 = VECTOR('',#449,1.);
#449 = DIRECTION('',(0.999704549671,-2.430665274367E-02));
#450 = ( GEOMETRIC_REPRESENTATION_CONTEXT(2) 
PARAMETRIC_REPRESENTATION_CONTEXT() REPRESENTATION_CONTEXT('2D SPACE',''
  ) );
#451 = PCURVE('',#452,#457);
#452 = PLANE('',#453);
#453 = AXIS2_PLACEMENT_3D('',#454,#455,#456);
#454 = CARTESIAN_POINT('',(14.488976948613,1.581928438867,7.382502027102
    ));
#455 = DIRECTION('',(-0.886820126619,-9.682436402743E-02,-0.451857395153
    ));
#456 = DIRECTION('',(0.453990477021,-9.265507835047E-18,-0.891006535764)
  );
#457 = DEFINITIONAL_REPRESENTATION('',(#458),#462);
#458 = ELLIPSE('',#459,20.971943765193,2.007775126575);
#459 = AXIS2_PLACEMENT_2D('',#460,#461);
#460 = CARTESIAN_POINT('',(-4.245694289472,30.384580034007));
#461 = DIRECTION('',(2.75404002721E-03,0.999996207625));
#462 = ( GEOMETRIC_REPRESENTATION_CONTEXT(2) 
PARAMETRIC_REPRESENTATION_CONTEXT() REPRESENTATION_CONTEXT('2D SPACE',''
  ) );
#463 = ORIENTED_EDGE('',*,*,#464,.T.);
#464 = EDGE_CURVE('',#436,#465,#467,.T.);
#465 = VERTEX_POINT('',#466);
#466 = CARTESIAN_POINT('',(13.121888160706,-8.,12.544710159302));
#467 = SURFACE_CURVE('',#468,(#473,#480),.PCURVE_S1.);
#468 = CIRCLE('',#469,1.999999766061);
#469 = AXIS2_PLACEMENT_3D('',#470,#471,#472);
#470 = CARTESIAN_POINT('',(15.121887720668,-8.000000390311,
    12.544709644709));
#471 = DIRECTION('',(1.951554769323E-07,1.,3.090929380765E-08));
#472 = DIRECTION('',(1.,-1.951554769323E-07,3.252871353502E-31));
#473 = PCURVE('',#353,#474);
#474 = DEFINITIONAL_REPRESENTATION('',(#475),#479);
#475 = LINE('',#476,#477);
#476 = CARTESIAN_POINT('',(3.137635848233,8.018947964089));
#477 = VECTOR('',#478,1.);
#478 = DIRECTION('',(-0.99998963656,-4.552666431543E-03));
#479 = ( GEOMETRIC_REPRESENTATION_CONTEXT(2) 
PARAMETRIC_REPRESENTATION_CONTEXT() REPRESENTATION_CONTEXT('2D SPACE',''
  ) );
#480 = PCURVE('',#423,#481);
#481 = DEFINITIONAL_REPRESENTATION('',(#482),#486);
#482 = LINE('',#483,#484);
#483 = CARTESIAN_POINT('',(-3.141592949176,3.14159265359));
#484 = VECTOR('',#485,1.);
#485 = DIRECTION('',(3.196798297827E-08,1.));
#486 = ( GEOMETRIC_REPRESENTATION_CONTEXT(2) 
PARAMETRIC_REPRESENTATION_CONTEXT() REPRESENTATION_CONTEXT('2D SPACE',''
  ) );
#487 = ORIENTED_EDGE('',*,*,#488,.F.);
#488 = EDGE_CURVE('',#342,#465,#489,.T.);
#489 = SURFACE_CURVE('',#490,(#494,#501),.PCURVE_S1.);
#490 = LINE('',#491,#492);
#491 = CARTESIAN_POINT('',(13.115865040277,-2.0000294216,12.552961272274
    ));
#492 = VECTOR('',#493,1.);
#493 = DIRECTION('',(2.218286316838E-03,-0.999995645239,
    -1.946460619099E-03));
#494 = PCURVE('',#353,#495);
#495 = DEFINITIONAL_REPRESENTATION('',(#496),#500);
#496 = LINE('',#497,#498);
#497 = CARTESIAN_POINT('',(4.317825760936E-06,2.004681611133));
#498 = VECTOR('',#499,1.);
#499 = DIRECTION('',(1.480303812536E-16,1.));
#500 = ( GEOMETRIC_REPRESENTATION_CONTEXT(2) 
PARAMETRIC_REPRESENTATION_CONTEXT() REPRESENTATION_CONTEXT('2D SPACE',''
  ) );
#501 = PCURVE('',#128,#502);
#502 = DEFINITIONAL_REPRESENTATION('',(#503),#506);
#503 = B_SPLINE_CURVE_WITH_KNOTS('',1,(#504,#505),.UNSPECIFIED.,.F.,.F.,
  (2,2),(-2.737322982926E-16,5.999973871434),.PIECEWISE_BEZIER_KNOTS.);
#504 = CARTESIAN_POINT('',(-12.55296127227,2.0000294216));
#505 = CARTESIAN_POINT('',(-12.54128255941,7.999977164581));
#506 = ( GEOMETRIC_REPRESENTATION_CONTEXT(2) 
PARAMETRIC_REPRESENTATION_CONTEXT() REPRESENTATION_CONTEXT('2D SPACE',''
  ) );
#507 = ADVANCED_FACE('',(#508),#365,.F.);
#508 = FACE_BOUND('',#509,.F.);
#509 = EDGE_LOOP('',(#510,#534,#563,#592,#621,#650,#679,#708,#737,#764)
  );
#510 = ORIENTED_EDGE('',*,*,#511,.T.);
#511 = EDGE_CURVE('',#342,#512,#514,.T.);
#512 = VERTEX_POINT('',#513);
#513 = CARTESIAN_POINT('',(13.707674026489,-0.585786402225,
    12.544710159302));
#514 = SURFACE_CURVE('',#515,(#520,#527),.PCURVE_S1.);
#515 = CIRCLE('',#516,1.999999719955);
#516 = AXIS2_PLACEMENT_3D('',#517,#518,#519);
#517 = CARTESIAN_POINT('',(15.121887647394,-1.999999759464,
    12.544709515258));
#518 = DIRECTION('',(-3.220218555063E-07,1.333856863814E-07,-1.));
#519 = DIRECTION('',(-1.,-2.111324048085E-30,3.220218555063E-07));
#520 = PCURVE('',#365,#521);
#521 = DEFINITIONAL_REPRESENTATION('',(#522),#526);
#522 = LINE('',#523,#524);
#523 = CARTESIAN_POINT('',(15.707963267949,3.220223652178E-07));
#524 = VECTOR('',#525,1.);
#525 = DIRECTION('',(-1.,-8.368393673506E-14));
#526 = ( GEOMETRIC_REPRESENTATION_CONTEXT(2) 
PARAMETRIC_REPRESENTATION_CONTEXT() REPRESENTATION_CONTEXT('2D SPACE',''
  ) );
#527 = PCURVE('',#248,#528);
#528 = DEFINITIONAL_REPRESENTATION('',(#529),#533);
#529 = LINE('',#530,#531);
#530 = CARTESIAN_POINT('',(7.870381432613,12.516159716771));
#531 = VECTOR('',#532,1.);
#532 = DIRECTION('',(-0.999926777483,1.21012260405E-02));
#533 = ( GEOMETRIC_REPRESENTATION_CONTEXT(2) 
PARAMETRIC_REPRESENTATION_CONTEXT() REPRESENTATION_CONTEXT('2D SPACE',''
  ) );
#534 = ORIENTED_EDGE('',*,*,#535,.T.);
#535 = EDGE_CURVE('',#512,#536,#538,.T.);
#536 = VERTEX_POINT('',#537);
#537 = CARTESIAN_POINT('',(14.010747909546,-0.337060779333,
    12.544710159302));
#538 = SURFACE_CURVE('',#539,(#544,#551),.PCURVE_S1.);
#539 = CIRCLE('',#540,0.196046009658);
#540 = AXIS2_PLACEMENT_3D('',#541,#542,#543);
#541 = CARTESIAN_POINT('',(13.859214288455,-0.461423582729,
    12.542665273102));
#542 = DIRECTION('',(-0.634391905588,0.773010902418,-1.027067426076E-03)
  );
#543 = DIRECTION('',(-0.77301131013,-0.634392240188,2.626948815107E-20)
  );
#544 = PCURVE('',#365,#545);
#545 = DEFINITIONAL_REPRESENTATION('',(#546),#550);
#546 = LINE('',#547,#548);
#547 = CARTESIAN_POINT('',(8.649809738524,3.112125179783E-07));
#548 = VECTOR('',#549,1.);
#549 = DIRECTION('',(-1.,1.36616475101E-07));
#550 = ( GEOMETRIC_REPRESENTATION_CONTEXT(2) 
PARAMETRIC_REPRESENTATION_CONTEXT() REPRESENTATION_CONTEXT('2D SPACE',''
  ) );
#551 = PCURVE('',#552,#557);
#552 = PLANE('',#553);
#553 = AXIS2_PLACEMENT_3D('',#554,#555,#556);
#554 = CARTESIAN_POINT('',(5.812134322256,-7.082125666865,
    9.409725732281E-03));
#555 = DIRECTION('',(-0.634391905588,0.773010902418,-1.027067426076E-03)
  );
#556 = DIRECTION('',(0.77301131013,0.634392240188,-2.626948815107E-20));
#557 = DEFINITIONAL_REPRESENTATION('',(#558),#562);
#558 = CIRCLE('',#559,0.196046009658);
#559 = AXIS2_PLACEMENT_2D('',#560,#561);
#560 = CARTESIAN_POINT('',(10.420605854166,-12.53326215783));
#561 = DIRECTION('',(-1.,3.872053412512E-20));
#562 = ( GEOMETRIC_REPRESENTATION_CONTEXT(2) 
PARAMETRIC_REPRESENTATION_CONTEXT() REPRESENTATION_CONTEXT('2D SPACE',''
  ) );
#563 = ORIENTED_EDGE('',*,*,#564,.F.);
#564 = EDGE_CURVE('',#565,#536,#567,.T.);
#565 = VERTEX_POINT('',#566);
#566 = CARTESIAN_POINT('',(14.356520652771,-0.152240931988,
    12.544710159302));
#567 = SURFACE_CURVE('',#568,(#573,#580),.PCURVE_S1.);
#568 = CIRCLE('',#569,0.196164892445);
#569 = AXIS2_PLACEMENT_3D('',#570,#571,#572);
#570 = CARTESIAN_POINT('',(14.183644375665,-0.244674481698,
    12.551847237616));
#571 = DIRECTION('',(-0.471394629238,0.881915099673,3.586153064747E-03)
  );
#572 = DIRECTION('',(-0.88192077066,-0.471397660451,9.33038126084E-20));
#573 = PCURVE('',#365,#574);
#574 = DEFINITIONAL_REPRESENTATION('',(#575),#579);
#575 = LINE('',#576,#577);
#576 = CARTESIAN_POINT('',(-1.214487693813,1.65757039472E-06));
#577 = VECTOR('',#578,1.);
#578 = DIRECTION('',(1.,-4.138137000161E-07));
#579 = ( GEOMETRIC_REPRESENTATION_CONTEXT(2) 
PARAMETRIC_REPRESENTATION_CONTEXT() REPRESENTATION_CONTEXT('2D SPACE',''
  ) );
#580 = PCURVE('',#581,#586);
#581 = PLANE('',#582);
#582 = AXIS2_PLACEMENT_3D('',#583,#584,#585);
#583 = CARTESIAN_POINT('',(3.232288418105,-6.047171065641,
    -2.458976046349E-02));
#584 = DIRECTION('',(-0.471394629238,0.881915099673,3.586153064747E-03)
  );
#585 = DIRECTION('',(0.88192077066,0.471397660451,-9.33038126084E-20));
#586 = DEFINITIONAL_REPRESENTATION('',(#587),#591);
#587 = CIRCLE('',#588,0.196164892445);
#588 = AXIS2_PLACEMENT_2D('',#589,#590);
#589 = CARTESIAN_POINT('',(12.393511600308,-12.57651786845));
#590 = DIRECTION('',(-1.,-1.787546313217E-19));
#591 = ( GEOMETRIC_REPRESENTATION_CONTEXT(2) 
PARAMETRIC_REPRESENTATION_CONTEXT() REPRESENTATION_CONTEXT('2D SPACE',''
  ) );
#592 = ORIENTED_EDGE('',*,*,#593,.T.);
#593 = EDGE_CURVE('',#565,#594,#596,.T.);
#594 = VERTEX_POINT('',#595);
#595 = CARTESIAN_POINT('',(14.731706619263,-3.842943906784E-02,
    12.544710159302));
#596 = SURFACE_CURVE('',#597,(#602,#609),.PCURVE_S1.);
#597 = CIRCLE('',#598,0.196056984118);
#598 = AXIS2_PLACEMENT_3D('',#599,#600,#601);
#599 = CARTESIAN_POINT('',(14.544114964485,-9.53397212891E-02,
    12.541642813276));
#600 = DIRECTION('',(-0.290284506108,0.956939147247,-1.540772169754E-03)
  );
#601 = DIRECTION('',(-0.956940283126,-0.290284850673,5.486223495146E-20)
  );
#602 = PCURVE('',#365,#603);
#603 = DEFINITIONAL_REPRESENTATION('',(#604),#608);
#604 = LINE('',#605,#606);
#605 = CARTESIAN_POINT('',(1.97914069731,3.132774795134E-07));
#606 = VECTOR('',#607,1.);
#607 = DIRECTION('',(-1.,-3.616838747675E-09));
#608 = ( GEOMETRIC_REPRESENTATION_CONTEXT(2) 
PARAMETRIC_REPRESENTATION_CONTEXT() REPRESENTATION_CONTEXT('2D SPACE',''
  ) );
#609 = PCURVE('',#610,#615);
#610 = PLANE('',#611);
#611 = AXIS2_PLACEMENT_3D('',#612,#613,#614);
#612 = CARTESIAN_POINT('',(1.257654532648,-4.145928668875,
    6.675379024006E-03));
#613 = DIRECTION('',(-0.290284506108,0.956939147247,-1.540772169754E-03)
  );
#614 = DIRECTION('',(0.956940283126,0.290284850673,-5.486223495146E-20)
  );
#615 = DEFINITIONAL_REPRESENTATION('',(#616),#620);
#616 = CIRCLE('',#617,0.196056984118);
#617 = AXIS2_PLACEMENT_2D('',#618,#619);
#618 = CARTESIAN_POINT('',(13.890173815176,-12.53498231315));
#619 = DIRECTION('',(-1.,1.509049606033E-19));
#620 = ( GEOMETRIC_REPRESENTATION_CONTEXT(2) 
PARAMETRIC_REPRESENTATION_CONTEXT() REPRESENTATION_CONTEXT('2D SPACE',''
  ) );
#621 = ORIENTED_EDGE('',*,*,#622,.T.);
#622 = EDGE_CURVE('',#594,#623,#625,.T.);
#623 = VERTEX_POINT('',#624);
#624 = CARTESIAN_POINT('',(15.121888160706,0.,12.544710159302));
#625 = SURFACE_CURVE('',#626,(#631,#638),.PCURVE_S1.);
#626 = CIRCLE('',#627,0.196033917655);
#627 = AXIS2_PLACEMENT_3D('',#628,#629,#630);
#628 = CARTESIAN_POINT('',(14.926797794481,-1.921467969453E-02,
    12.544709515258));
#629 = DIRECTION('',(-9.801691674021E-02,0.995184748694,0.));
#630 = DIRECTION('',(-0.995184748694,-9.801691674021E-02,0.));
#631 = PCURVE('',#365,#632);
#632 = DEFINITIONAL_REPRESENTATION('',(#633),#637);
#633 = LINE('',#634,#635);
#634 = CARTESIAN_POINT('',(1.767148759731,3.220198045994E-07));
#635 = VECTOR('',#636,1.);
#636 = DIRECTION('',(-1.,6.803289778355E-12));
#637 = ( GEOMETRIC_REPRESENTATION_CONTEXT(2) 
PARAMETRIC_REPRESENTATION_CONTEXT() REPRESENTATION_CONTEXT('2D SPACE',''
  ) );
#638 = PCURVE('',#639,#644);
#639 = PLANE('',#640);
#640 = AXIS2_PLACEMENT_3D('',#641,#642,#643);
#641 = CARTESIAN_POINT('',(0.145280757581,-1.47506368321,-0.));
#642 = DIRECTION('',(-9.801691674021E-02,0.995184748694,0.));
#643 = DIRECTION('',(0.995184748694,9.801691674021E-02,0.));
#644 = DEFINITIONAL_REPRESENTATION('',(#645),#649);
#645 = CIRCLE('',#646,0.196033917655);
#646 = AXIS2_PLACEMENT_2D('',#647,#648);
#647 = CARTESIAN_POINT('',(14.853038148244,-12.54470951525));
#648 = DIRECTION('',(-1.,-0.));
#649 = ( GEOMETRIC_REPRESENTATION_CONTEXT(2) 
PARAMETRIC_REPRESENTATION_CONTEXT() REPRESENTATION_CONTEXT('2D SPACE',''
  ) );
#650 = ORIENTED_EDGE('',*,*,#651,.T.);
#651 = EDGE_CURVE('',#623,#652,#654,.T.);
#652 = VERTEX_POINT('',#653);
#653 = CARTESIAN_POINT('',(15.121888160706,-2.,10.544710159302));
#654 = SURFACE_CURVE('',#655,(#660,#667),.PCURVE_S1.);
#655 = CIRCLE('',#656,1.999999719955);
#656 = AXIS2_PLACEMENT_3D('',#657,#658,#659);
#657 = CARTESIAN_POINT('',(15.121887647394,-1.999999759464,
    12.544709515258));
#658 = DIRECTION('',(-1.,2.566557666908E-07,-2.566557666908E-07));
#659 = DIRECTION('',(2.566557666908E-07,-1.232639407909E-29,-1.));
#660 = PCURVE('',#365,#661);
#661 = DEFINITIONAL_REPRESENTATION('',(#662),#666);
#662 = LINE('',#663,#664);
#663 = CARTESIAN_POINT('',(-2.852349576331,1.625543141383));
#664 = VECTOR('',#665,1.);
#665 = DIRECTION('',(0.938620722342,-0.344950923451));
#666 = ( GEOMETRIC_REPRESENTATION_CONTEXT(2) 
PARAMETRIC_REPRESENTATION_CONTEXT() REPRESENTATION_CONTEXT('2D SPACE',''
  ) );
#667 = PCURVE('',#668,#673);
#668 = CYLINDRICAL_SURFACE('',#669,1.999999046474);
#669 = AXIS2_PLACEMENT_3D('',#670,#671,#672);
#670 = CARTESIAN_POINT('',(0.,-1.999999191079,12.544708930522));
#671 = DIRECTION('',(1.,-0.,-0.));
#672 = DIRECTION('',(0.,0.,1.));
#673 = DEFINITIONAL_REPRESENTATION('',(#674),#678);
#674 = LINE('',#675,#676);
#675 = CARTESIAN_POINT('',(9.424778253138,15.121888160705));
#676 = VECTOR('',#677,1.);
#677 = DIRECTION('',(-1.,6.672092604126E-14));
#678 = ( GEOMETRIC_REPRESENTATION_CONTEXT(2) 
PARAMETRIC_REPRESENTATION_CONTEXT() REPRESENTATION_CONTEXT('2D SPACE',''
  ) );
#679 = ORIENTED_EDGE('',*,*,#680,.T.);
#680 = EDGE_CURVE('',#652,#681,#683,.T.);
#681 = VERTEX_POINT('',#682);
#682 = CARTESIAN_POINT('',(14.731706619263,-2.,10.583139419556));
#683 = SURFACE_CURVE('',#684,(#689,#696),.PCURVE_S1.);
#684 = CIRCLE('',#685,0.19641755853);
#685 = AXIS2_PLACEMENT_3D('',#686,#687,#688);
#686 = CARTESIAN_POINT('',(14.926806077433,-2.012219266138,
    10.563999317567));
#687 = DIRECTION('',(-9.801461777757E-02,-6.139433244766E-03,
    -0.995166037434));
#688 = DIRECTION('',(0.995184793182,3.400701081075E-20,
    -9.801646504467E-02));
#689 = PCURVE('',#365,#690);
#690 = DEFINITIONAL_REPRESENTATION('',(#691),#695);
#691 = LINE('',#692,#693);
#692 = CARTESIAN_POINT('',(12.492002740107,-1.958842704022));
#693 = VECTOR('',#694,1.);
#694 = DIRECTION('',(-0.998052604656,6.237786738219E-02));
#695 = ( GEOMETRIC_REPRESENTATION_CONTEXT(2) 
PARAMETRIC_REPRESENTATION_CONTEXT() REPRESENTATION_CONTEXT('2D SPACE',''
  ) );
#696 = PCURVE('',#697,#702);
#697 = PLANE('',#698);
#698 = AXIS2_PLACEMENT_3D('',#699,#700,#701);
#699 = CARTESIAN_POINT('',(1.172610096988,7.344987488432E-02,
    11.905792933075));
#700 = DIRECTION('',(-9.801461777757E-02,-6.139433244766E-03,
    -0.995166037434));
#701 = DIRECTION('',(-0.995184793182,-3.400701081075E-20,
    9.801646504467E-02));
#702 = DEFINITIONAL_REPRESENTATION('',(#703),#707);
#703 = CIRCLE('',#704,0.19641755853);
#704 = AXIS2_PLACEMENT_2D('',#705,#706);
#705 = CARTESIAN_POINT('',(-13.81948454919,-2.085708449322));
#706 = DIRECTION('',(-1.,-1.970113364864E-19));
#707 = ( GEOMETRIC_REPRESENTATION_CONTEXT(2) 
PARAMETRIC_REPRESENTATION_CONTEXT() REPRESENTATION_CONTEXT('2D SPACE',''
  ) );
#708 = ORIENTED_EDGE('',*,*,#709,.T.);
#709 = EDGE_CURVE('',#681,#710,#712,.T.);
#710 = VERTEX_POINT('',#711);
#711 = CARTESIAN_POINT('',(14.356520652771,-2.,10.696949958801));
#712 = SURFACE_CURVE('',#713,(#718,#725),.PCURVE_S1.);
#713 = CIRCLE('',#714,0.196054528951);
#714 = AXIS2_PLACEMENT_3D('',#715,#716,#717);
#715 = CARTESIAN_POINT('',(14.544119327745,-1.996933016475,
    10.640047900851));
#716 = DIRECTION('',(-0.290282278649,1.540792585349E-03,-0.956939822905)
  );
#717 = DIRECTION('',(0.956940958814,1.604890341222E-20,-0.290282623221)
  );
#718 = PCURVE('',#365,#719);
#719 = DEFINITIONAL_REPRESENTATION('',(#720),#724);
#720 = LINE('',#721,#722);
#721 = CARTESIAN_POINT('',(3.141593351845,-1.390091327813));
#722 = VECTOR('',#723,1.);
#723 = DIRECTION('',(-2.582155837905E-06,0.999999999997));
#724 = ( GEOMETRIC_REPRESENTATION_CONTEXT(2) 
PARAMETRIC_REPRESENTATION_CONTEXT() REPRESENTATION_CONTEXT('2D SPACE',''
  ) );
#725 = PCURVE('',#726,#731);
#726 = PLANE('',#727);
#727 = AXIS2_PLACEMENT_3D('',#728,#729,#730);
#728 = CARTESIAN_POINT('',(4.182056878435,-2.219798693805E-02,
    13.786500461726));
#729 = DIRECTION('',(-0.290282278649,1.540792585349E-03,-0.956939822905)
  );
#730 = DIRECTION('',(-0.956940958814,-1.604890341222E-20,0.290282623221)
  );
#731 = DEFINITIONAL_REPRESENTATION('',(#732),#736);
#732 = CIRCLE('',#733,0.196054528951);
#733 = AXIS2_PLACEMENT_2D('',#734,#735);
#734 = CARTESIAN_POINT('',(-10.82924247874,-1.974737373593));
#735 = DIRECTION('',(-1.,5.332159436166E-20));
#736 = ( GEOMETRIC_REPRESENTATION_CONTEXT(2) 
PARAMETRIC_REPRESENTATION_CONTEXT() REPRESENTATION_CONTEXT('2D SPACE',''
  ) );
#737 = ORIENTED_EDGE('',*,*,#738,.F.);
#738 = EDGE_CURVE('',#344,#710,#739,.T.);
#739 = SURFACE_CURVE('',#740,(#745,#752),.PCURVE_S1.);
#740 = CIRCLE('',#741,0.196053862765);
#741 = AXIS2_PLACEMENT_3D('',#742,#743,#744);
#742 = CARTESIAN_POINT('',(14.183633001393,-2.003061758882,
    10.789366071333));
#743 = DIRECTION('',(-0.471397752961,-1.53840926982E-03,-0.881919379422)
  );
#744 = DIRECTION('',(0.881920423045,9.681947438963E-20,-0.471398310791)
  );
#745 = PCURVE('',#365,#746);
#746 = DEFINITIONAL_REPRESENTATION('',(#747),#751);
#747 = LINE('',#748,#749);
#748 = CARTESIAN_POINT('',(3.141588688458,2.175462149616));
#749 = VECTOR('',#750,1.);
#750 = DIRECTION('',(1.324724630166E-06,-0.999999999999));
#751 = ( GEOMETRIC_REPRESENTATION_CONTEXT(2) 
PARAMETRIC_REPRESENTATION_CONTEXT() REPRESENTATION_CONTEXT('2D SPACE',''
  ) );
#752 = PCURVE('',#753,#758);
#753 = PLANE('',#754);
#754 = AXIS2_PLACEMENT_3D('',#755,#756,#757);
#755 = CARTESIAN_POINT('',(7.635890411311,2.491977214212E-02,
    14.285684839568));
#756 = DIRECTION('',(-0.471397752961,-1.53840926982E-03,-0.881919379422)
  );
#757 = DIRECTION('',(-0.881920423045,-9.681947438963E-20,0.471398310791)
  );
#758 = DEFINITIONAL_REPRESENTATION('',(#759),#763);
#759 = CIRCLE('',#760,0.196053862765);
#760 = AXIS2_PLACEMENT_2D('',#761,#762);
#761 = CARTESIAN_POINT('',(-7.422746676366,-2.027983930843));
#762 = DIRECTION('',(-1.,-8.457773805719E-20));
#763 = ( GEOMETRIC_REPRESENTATION_CONTEXT(2) 
PARAMETRIC_REPRESENTATION_CONTEXT() REPRESENTATION_CONTEXT('2D SPACE',''
  ) );
#764 = ORIENTED_EDGE('',*,*,#341,.F.);
#765 = ADVANCED_FACE('',(#766),#248,.T.);
#766 = FACE_BOUND('',#767,.F.);
#767 = EDGE_LOOP('',(#768,#769,#791,#792,#814));
#768 = ORIENTED_EDGE('',*,*,#511,.T.);
#769 = ORIENTED_EDGE('',*,*,#770,.F.);
#770 = EDGE_CURVE('',#203,#512,#771,.T.);
#771 = SURFACE_CURVE('',#772,(#777,#784),.PCURVE_S1.);
#772 = ELLIPSE('',#773,1.068788301936E+04,1.913880119541);
#773 = AXIS2_PLACEMENT_3D('',#774,#775,#776);
#774 = CARTESIAN_POINT('',(62.343482267522,53.506091382856,
    1.068316663039E+04));
#775 = DIRECTION('',(-0.634391905588,0.773010902418,-1.027067426076E-03)
  );
#776 = DIRECTION('',(4.546944664755E-03,5.060198423522E-03,
    0.999976859575));
#777 = PCURVE('',#248,#778);
#778 = DEFINITIONAL_REPRESENTATION('',(#779),#783);
#779 = LINE('',#780,#781);
#780 = CARTESIAN_POINT('',(0.559045149871,21.679433542386));
#781 = VECTOR('',#782,1.);
#782 = DIRECTION('',(2.033442946889E-02,-0.999793234113));
#783 = ( GEOMETRIC_REPRESENTATION_CONTEXT(2) 
PARAMETRIC_REPRESENTATION_CONTEXT() REPRESENTATION_CONTEXT('2D SPACE',''
  ) );
#784 = PCURVE('',#552,#785);
#785 = DEFINITIONAL_REPRESENTATION('',(#786),#790);
#786 = ELLIPSE('',#787,1.068788301936E+04,1.913880119541);
#787 = AXIS2_PLACEMENT_2D('',#788,#789);
#788 = CARTESIAN_POINT('',(82.136066081773,-1.068316285533E+04));
#789 = DIRECTION('',(6.724990266087E-03,-0.999977386997));
#790 = ( GEOMETRIC_REPRESENTATION_CONTEXT(2) 
PARAMETRIC_REPRESENTATION_CONTEXT() REPRESENTATION_CONTEXT('2D SPACE',''
  ) );
#791 = ORIENTED_EDGE('',*,*,#231,.T.);
#792 = ORIENTED_EDGE('',*,*,#793,.T.);
#793 = EDGE_CURVE('',#232,#261,#794,.T.);
#794 = SURFACE_CURVE('',#795,(#800,#807),.PCURVE_S1.);
#795 = ELLIPSE('',#796,20.095575545591,1.913880119541);
#796 = AXIS2_PLACEMENT_3D('',#797,#798,#799);
#797 = CARTESIAN_POINT('',(15.150173613182,-1.833658648155,
    38.333438243576));
#798 = DIRECTION('',(-0.886819949128,0.451857890022,9.68236802331E-02));
#799 = DIRECTION('',(8.929899654977E-02,-3.800858821622E-02,
    0.995279376073));
#800 = PCURVE('',#248,#801);
#801 = DEFINITIONAL_REPRESENTATION('',(#802),#806);
#802 = LINE('',#803,#804);
#803 = CARTESIAN_POINT('',(-2.033556786303,18.385940123108));
#804 = VECTOR('',#805,1.);
#805 = DIRECTION('',(0.997386312901,7.225332406691E-02));
#806 = ( GEOMETRIC_REPRESENTATION_CONTEXT(2) 
PARAMETRIC_REPRESENTATION_CONTEXT() REPRESENTATION_CONTEXT('2D SPACE',''
  ) );
#807 = PCURVE('',#277,#808);
#808 = DEFINITIONAL_REPRESENTATION('',(#809),#813);
#809 = ELLIPSE('',#810,20.095575545591,1.913880119541);
#810 = AXIS2_PLACEMENT_2D('',#811,#812);
#811 = CARTESIAN_POINT('',(-5.244240214961,39.540945947257));
#812 = DIRECTION('',(-6.67504425704E-03,0.999977721644));
#813 = ( GEOMETRIC_REPRESENTATION_CONTEXT(2) 
PARAMETRIC_REPRESENTATION_CONTEXT() REPRESENTATION_CONTEXT('2D SPACE',''
  ) );
#814 = ORIENTED_EDGE('',*,*,#815,.F.);
#815 = EDGE_CURVE('',#342,#261,#816,.T.);
#816 = SURFACE_CURVE('',#817,(#822,#829),.PCURVE_S1.);
#817 = ELLIPSE('',#818,536.77346050782,1.913880119541);
#818 = AXIS2_PLACEMENT_3D('',#819,#820,#821);
#819 = CARTESIAN_POINT('',(12.691625160738,-4.716598214735,
    -516.2120877495));
#820 = DIRECTION('',(-0.987688558997,0.156433086101,-1.339583934277E-19)
  );
#821 = DIRECTION('',(9.117198202192E-04,5.756424410489E-03,
    0.999983016028));
#822 = PCURVE('',#248,#823);
#823 = DEFINITIONAL_REPRESENTATION('',(#824),#828);
#824 = LINE('',#825,#826);
#825 = CARTESIAN_POINT('',(1.850757023976,6.487647952405));
#826 = VECTOR('',#827,1.);
#827 = DIRECTION('',(-4.321761547401E-02,0.999065682382));
#828 = ( GEOMETRIC_REPRESENTATION_CONTEXT(2) 
PARAMETRIC_REPRESENTATION_CONTEXT() REPRESENTATION_CONTEXT('2D SPACE',''
  ) );
#829 = PCURVE('',#304,#830);
#830 = DEFINITIONAL_REPRESENTATION('',(#831),#835);
#831 = ELLIPSE('',#832,536.77346050782,1.913880119541);
#832 = AXIS2_PLACEMENT_2D('',#833,#834);
#833 = CARTESIAN_POINT('',(2.673140002544,-516.2120877495));
#834 = DIRECTION('',(-5.828177676106E-03,0.999983016028));
#835 = ( GEOMETRIC_REPRESENTATION_CONTEXT(2) 
PARAMETRIC_REPRESENTATION_CONTEXT() REPRESENTATION_CONTEXT('2D SPACE',''
  ) );
#836 = ADVANCED_FACE('',(#837),#668,.T.);
#837 = FACE_BOUND('',#838,.F.);
#838 = EDGE_LOOP('',(#839,#840,#868,#897));
#839 = ORIENTED_EDGE('',*,*,#651,.T.);
#840 = ORIENTED_EDGE('',*,*,#841,.T.);
#841 = EDGE_CURVE('',#652,#842,#844,.T.);
#842 = VERTEX_POINT('',#843);
#843 = CARTESIAN_POINT('',(21.121887207031,-2.,10.544710159302));
#844 = SURFACE_CURVE('',#845,(#849,#856),.PCURVE_S1.);
#845 = LINE('',#846,#847);
#846 = CARTESIAN_POINT('',(21.121887207031,-1.999999191079,
    10.544709884048));
#847 = VECTOR('',#848,1.);
#848 = DIRECTION('',(1.,-0.,-0.));
#849 = PCURVE('',#668,#850);
#850 = DEFINITIONAL_REPRESENTATION('',(#851),#855);
#851 = LINE('',#852,#853);
#852 = CARTESIAN_POINT('',(3.14159265359,21.121887207031));
#853 = VECTOR('',#854,1.);
#854 = DIRECTION('',(0.,1.));
#855 = ( GEOMETRIC_REPRESENTATION_CONTEXT(2) 
PARAMETRIC_REPRESENTATION_CONTEXT() REPRESENTATION_CONTEXT('2D SPACE',''
  ) );
#856 = PCURVE('',#857,#862);
#857 = PLANE('',#858);
#858 = AXIS2_PLACEMENT_3D('',#859,#860,#861);
#859 = CARTESIAN_POINT('',(-0.,-0.,10.544710159302));
#860 = DIRECTION('',(0.,0.,-1.));
#861 = DIRECTION('',(-1.,0.,-0.));
#862 = DEFINITIONAL_REPRESENTATION('',(#863),#867);
#863 = LINE('',#864,#865);
#864 = CARTESIAN_POINT('',(-21.12188720703,-1.999999191079));
#865 = VECTOR('',#866,1.);
#866 = DIRECTION('',(-1.,0.));
#867 = ( GEOMETRIC_REPRESENTATION_CONTEXT(2) 
PARAMETRIC_REPRESENTATION_CONTEXT() REPRESENTATION_CONTEXT('2D SPACE',''
  ) );
#868 = ORIENTED_EDGE('',*,*,#869,.F.);
#869 = EDGE_CURVE('',#870,#842,#872,.T.);
#870 = VERTEX_POINT('',#871);
#871 = CARTESIAN_POINT('',(21.121887207031,0.,12.544710159302));
#872 = SURFACE_CURVE('',#873,(#878,#885),.PCURVE_S1.);
#873 = CIRCLE('',#874,1.999999271105);
#874 = AXIS2_PLACEMENT_3D('',#875,#876,#877);
#875 = CARTESIAN_POINT('',(21.121888138634,-1.99999930656,
    12.544709062351));
#876 = DIRECTION('',(-1.,-4.658020169418E-07,4.658020169418E-07));
#877 = DIRECTION('',(-4.658020169418E-07,-3.528200297709E-29,-1.));
#878 = PCURVE('',#668,#879);
#879 = DEFINITIONAL_REPRESENTATION('',(#880),#884);
#880 = LINE('',#881,#882);
#881 = CARTESIAN_POINT('',(9.424778026684,21.121887207032));
#882 = VECTOR('',#883,1.);
#883 = DIRECTION('',(-1.,-1.198714942436E-13));
#884 = ( GEOMETRIC_REPRESENTATION_CONTEXT(2) 
PARAMETRIC_REPRESENTATION_CONTEXT() REPRESENTATION_CONTEXT('2D SPACE',''
  ) );
#885 = PCURVE('',#886,#891);
#886 = SPHERICAL_SURFACE('',#887,1.999999271105);
#887 = AXIS2_PLACEMENT_3D('',#888,#889,#890);
#888 = CARTESIAN_POINT('',(21.121888138634,-1.99999930656,
    12.544709062351));
#889 = DIRECTION('',(0.,0.,1.));
#890 = DIRECTION('',(1.,0.,-0.));
#891 = DEFINITIONAL_REPRESENTATION('',(#892),#896);
#892 = LINE('',#893,#894);
#893 = CARTESIAN_POINT('',(12.250659312458,7.979014331851));
#894 = VECTOR('',#895,1.);
#895 = DIRECTION('',(-0.933003990696,-0.359866021382));
#896 = ( GEOMETRIC_REPRESENTATION_CONTEXT(2) 
PARAMETRIC_REPRESENTATION_CONTEXT() REPRESENTATION_CONTEXT('2D SPACE',''
  ) );
#897 = ORIENTED_EDGE('',*,*,#898,.F.);
#898 = EDGE_CURVE('',#623,#870,#899,.T.);
#899 = SURFACE_CURVE('',#900,(#904,#911),.PCURVE_S1.);
#900 = LINE('',#901,#902);
#901 = CARTESIAN_POINT('',(21.121887207031,-1.446053847776E-07,
    12.544708930522));
#902 = VECTOR('',#903,1.);
#903 = DIRECTION('',(1.,-0.,-0.));
#904 = PCURVE('',#668,#905);
#905 = DEFINITIONAL_REPRESENTATION('',(#906),#910);
#906 = LINE('',#907,#908);
#907 = CARTESIAN_POINT('',(4.712388980385,21.121887207031));
#908 = VECTOR('',#909,1.);
#909 = DIRECTION('',(0.,1.));
#910 = ( GEOMETRIC_REPRESENTATION_CONTEXT(2) 
PARAMETRIC_REPRESENTATION_CONTEXT() REPRESENTATION_CONTEXT('2D SPACE',''
  ) );
#911 = PCURVE('',#912,#917);
#912 = PLANE('',#913);
#913 = AXIS2_PLACEMENT_3D('',#914,#915,#916);
#914 = CARTESIAN_POINT('',(0.,0.,0.));
#915 = DIRECTION('',(0.,1.,0.));
#916 = DIRECTION('',(0.,-0.,1.));
#917 = DEFINITIONAL_REPRESENTATION('',(#918),#922);
#918 = LINE('',#919,#920);
#919 = CARTESIAN_POINT('',(12.544708930522,21.121887207031));
#920 = VECTOR('',#921,1.);
#921 = DIRECTION('',(0.,1.));
#922 = ( GEOMETRIC_REPRESENTATION_CONTEXT(2) 
PARAMETRIC_REPRESENTATION_CONTEXT() REPRESENTATION_CONTEXT('2D SPACE',''
  ) );
#923 = ADVANCED_FACE('',(#924),#886,.T.);
#924 = FACE_BOUND('',#925,.T.);
#925 = EDGE_LOOP('',(#926,#957,#985,#1014,#1043,#1072,#1099,#1125,#1154,
    #1183,#1212,#1241,#1270,#1299,#1326,#1327));
#926 = ORIENTED_EDGE('',*,*,#927,.F.);
#927 = EDGE_CURVE('',#928,#930,#932,.T.);
#928 = VERTEX_POINT('',#929);
#929 = CARTESIAN_POINT('',(21.887256622314,-2.,10.696949958801));
#930 = VERTEX_POINT('',#931);
#931 = CARTESIAN_POINT('',(21.512069702148,-2.,10.583139419556));
#932 = SURFACE_CURVE('',#933,(#938,#945),.PCURVE_S1.);
#933 = CIRCLE('',#934,0.19605137335);
#934 = AXIS2_PLACEMENT_3D('',#935,#936,#937);
#935 = CARTESIAN_POINT('',(21.699655072755,-1.996932618901,
    10.640047174065));
#936 = DIRECTION('',(0.290281602978,1.540764895032E-03,-0.95694002791));
#937 = DIRECTION('',(0.956941163779,2.6070530247E-20,0.290281947536));
#938 = PCURVE('',#886,#939);
#939 = DEFINITIONAL_REPRESENTATION('',(#940),#944);
#940 = LINE('',#941,#942);
#941 = CARTESIAN_POINT('',(-6.283185832459,-1.162458196199));
#942 = VECTOR('',#943,1.);
#943 = DIRECTION('',(-5.890475283469E-06,-0.999999999983));
#944 = ( GEOMETRIC_REPRESENTATION_CONTEXT(2) 
PARAMETRIC_REPRESENTATION_CONTEXT() REPRESENTATION_CONTEXT('2D SPACE',''
  ) );
#945 = PCURVE('',#946,#951);
#946 = PLANE('',#947);
#947 = AXIS2_PLACEMENT_3D('',#948,#949,#950);
#948 = CARTESIAN_POINT('',(-1.128020719581,-5.987340250879E-03,
    3.718624149121));
#949 = DIRECTION('',(0.290281602978,1.540764895032E-03,-0.95694002791));
#950 = DIRECTION('',(-0.956941163779,-2.6070530247E-20,-0.290281947536)
  );
#951 = DEFINITIONAL_REPRESENTATION('',(#952),#956);
#952 = CIRCLE('',#953,0.19605137335);
#953 = AXIS2_PLACEMENT_2D('',#954,#955);
#954 = CARTESIAN_POINT('',(-23.85390679448,-1.990947641863));
#955 = DIRECTION('',(-1.,-5.693974689537E-22));
#956 = ( GEOMETRIC_REPRESENTATION_CONTEXT(2) 
PARAMETRIC_REPRESENTATION_CONTEXT() REPRESENTATION_CONTEXT('2D SPACE',''
  ) );
#957 = ORIENTED_EDGE('',*,*,#958,.T.);
#958 = EDGE_CURVE('',#928,#959,#961,.T.);
#959 = VERTEX_POINT('',#960);
#960 = CARTESIAN_POINT('',(22.233028411865,-2.,10.881770133972));
#961 = SURFACE_CURVE('',#962,(#966,#973),.PCURVE_S1.);
#962 = LINE('',#963,#964);
#963 = CARTESIAN_POINT('',(21.887256622314,-2.,10.696949958801));
#964 = VECTOR('',#965,1.);
#965 = DIRECTION('',(0.881919882519,0.,0.471399322037));
#966 = PCURVE('',#886,#967);
#967 = DEFINITIONAL_REPRESENTATION('',(#968),#972);
#968 = LINE('',#969,#970);
#969 = CARTESIAN_POINT('',(-6.283186213201,-1.178096504611));
#970 = VECTOR('',#971,1.);
#971 = DIRECTION('',(1.43592131711E-06,0.999999999999));
#972 = ( GEOMETRIC_REPRESENTATION_CONTEXT(2) 
PARAMETRIC_REPRESENTATION_CONTEXT() REPRESENTATION_CONTEXT('2D SPACE',''
  ) );
#973 = PCURVE('',#974,#979);
#974 = PLANE('',#975);
#975 = AXIS2_PLACEMENT_3D('',#976,#977,#978);
#976 = CARTESIAN_POINT('',(0.419991480434,-3.195233789216E-03,
    -0.785743253686));
#977 = DIRECTION('',(0.471396290541,-3.586314070214E-03,-0.881914211029)
  );
#978 = DIRECTION('',(-0.881919882519,-2.785713202624E-19,-0.471399322037
    ));
#979 = DEFINITIONAL_REPRESENTATION('',(#980),#984);
#980 = LINE('',#981,#982);
#981 = CARTESIAN_POINT('',(-24.34534174746,-1.996817607435));
#982 = VECTOR('',#983,1.);
#983 = DIRECTION('',(-1.,-4.575901819976E-19));
#984 = ( GEOMETRIC_REPRESENTATION_CONTEXT(2) 
PARAMETRIC_REPRESENTATION_CONTEXT() REPRESENTATION_CONTEXT('2D SPACE',''
  ) );
#985 = ORIENTED_EDGE('',*,*,#986,.F.);
#986 = EDGE_CURVE('',#987,#959,#989,.T.);
#987 = VERTEX_POINT('',#988);
#988 = CARTESIAN_POINT('',(22.536100387573,-2.,11.130496025085));
#989 = SURFACE_CURVE('',#990,(#995,#1002),.PCURVE_S1.);
#990 = CIRCLE('',#991,0.196045581631);
#991 = AXIS2_PLACEMENT_3D('',#992,#993,#994);
#992 = CARTESIAN_POINT('',(22.38456680036,-1.997955286263,
    11.006137766132));
#993 = DIRECTION('',(0.63439470013,1.026956170736E-03,-0.773008609142));
#994 = DIRECTION('',(0.773009016765,2.254468010713E-20,0.634395034659));
#995 = PCURVE('',#886,#996);
#996 = DEFINITIONAL_REPRESENTATION('',(#997),#1001);
#997 = LINE('',#998,#999);
#998 = CARTESIAN_POINT('',(-6.283185837576,2.366627402701));
#999 = VECTOR('',#1000,1.);
#1000 = DIRECTION('',(-2.791720571192E-07,-1.));
#1001 = ( GEOMETRIC_REPRESENTATION_CONTEXT(2) 
PARAMETRIC_REPRESENTATION_CONTEXT() REPRESENTATION_CONTEXT('2D SPACE',''
  ) );
#1002 = PCURVE('',#1003,#1008);
#1003 = PLANE('',#1004);
#1004 = AXIS2_PLACEMENT_3D('',#1005,#1006,#1007);
#1005 = CARTESIAN_POINT('',(3.610187656188,5.844160567981E-03,
    -4.399006073474));
#1006 = DIRECTION('',(0.63439470013,1.026956170736E-03,-0.773008609142)
  );
#1007 = DIRECTION('',(-0.773009016765,-2.254468010713E-20,
    -0.634395034659));
#1008 = DEFINITIONAL_REPRESENTATION('',(#1009),#1013);
#1009 = CIRCLE('',#1010,0.196045581631);
#1010 = AXIS2_PLACEMENT_2D('',#1011,#1012);
#1011 = CARTESIAN_POINT('',(-24.28571112266,-2.003800503475));
#1012 = DIRECTION('',(-1.,7.929658323017E-20));
#1013 = ( GEOMETRIC_REPRESENTATION_CONTEXT(2) 
PARAMETRIC_REPRESENTATION_CONTEXT() REPRESENTATION_CONTEXT('2D SPACE',''
  ) );
#1014 = ORIENTED_EDGE('',*,*,#1015,.T.);
#1015 = EDGE_CURVE('',#987,#1016,#1018,.T.);
#1016 = VERTEX_POINT('',#1017);
#1017 = CARTESIAN_POINT('',(22.969646453857,-2.,11.779342651367));
#1018 = SURFACE_CURVE('',#1019,(#1024,#1031),.PCURVE_S1.);
#1019 = CIRCLE('',#1020,1.999999271105);
#1020 = AXIS2_PLACEMENT_3D('',#1021,#1022,#1023);
#1021 = CARTESIAN_POINT('',(21.121888138634,-1.99999930656,
    12.544709062351));
#1022 = DIRECTION('',(-2.939350073758E-07,-1.,1.964013697987E-07));
#1023 = DIRECTION('',(-1.,2.939350073758E-07,3.798417455959E-30));
#1024 = PCURVE('',#886,#1025);
#1025 = DEFINITIONAL_REPRESENTATION('',(#1026),#1030);
#1026 = LINE('',#1027,#1028);
#1027 = CARTESIAN_POINT('',(-6.283186487812,1.207922650792E-13));
#1028 = VECTOR('',#1029,1.);
#1029 = DIRECTION('',(2.929705939538E-07,1.));
#1030 = ( GEOMETRIC_REPRESENTATION_CONTEXT(2) 
PARAMETRIC_REPRESENTATION_CONTEXT() REPRESENTATION_CONTEXT('2D SPACE',''
  ) );
#1031 = PCURVE('',#1032,#1037);
#1032 = CYLINDRICAL_SURFACE('',#1033,2.013773371994);
#1033 = AXIS2_PLACEMENT_3D('',#1034,#1035,#1036);
#1034 = CARTESIAN_POINT('',(21.145175740994,-0.21212141733,
    12.594036328374));
#1035 = DIRECTION('',(-6.019907890931E-03,-0.999959199454,
    -6.734993464412E-03));
#1036 = DIRECTION('',(0.,6.735115503423E-03,-0.999977318852));
#1037 = DEFINITIONAL_REPRESENTATION('',(#1038),#1042);
#1038 = LINE('',#1039,#1040);
#1039 = CARTESIAN_POINT('',(-1.587852661144,1.831392472983));
#1040 = VECTOR('',#1041,1.);
#1041 = DIRECTION('',(0.999840334353,-1.786912985371E-02));
#1042 = ( GEOMETRIC_REPRESENTATION_CONTEXT(2) 
PARAMETRIC_REPRESENTATION_CONTEXT() REPRESENTATION_CONTEXT('2D SPACE',''
  ) );
#1043 = ORIENTED_EDGE('',*,*,#1044,.F.);
#1044 = EDGE_CURVE('',#1045,#1016,#1047,.T.);
#1045 = VERTEX_POINT('',#1046);
#1046 = CARTESIAN_POINT('',(23.121887207031,-2.,12.544710159302));
#1047 = SURFACE_CURVE('',#1048,(#1053,#1060),.PCURVE_S1.);
#1048 = CIRCLE('',#1049,0.196059102707);
#1049 = AXIS2_PLACEMENT_3D('',#1050,#1051,#1052);
#1050 = CARTESIAN_POINT('',(23.02654754549,-1.996932594175,
    11.966936570951));
#1051 = DIRECTION('',(0.956939147239,1.54077790729E-03,-0.290284506106)
  );
#1052 = DIRECTION('',(0.290284850673,-5.418509223099E-20,0.956940283126)
  );
#1053 = PCURVE('',#886,#1054);
#1054 = DEFINITIONAL_REPRESENTATION('',(#1055),#1059);
#1055 = LINE('',#1056,#1057);
#1056 = CARTESIAN_POINT('',(-6.283185662248,6.102482043713));
#1057 = VECTOR('',#1058,1.);
#1058 = DIRECTION('',(-1.513823318355E-07,-1.));
#1059 = ( GEOMETRIC_REPRESENTATION_CONTEXT(2) 
PARAMETRIC_REPRESENTATION_CONTEXT() REPRESENTATION_CONTEXT('2D SPACE',''
  ) );
#1060 = PCURVE('',#1061,#1066);
#1061 = PLANE('',#1062);
#1062 = AXIS2_PLACEMENT_3D('',#1063,#1064,#1065);
#1063 = CARTESIAN_POINT('',(17.758983556162,2.859392846265E-02,
    -5.387132280471));
#1064 = DIRECTION('',(0.956939147239,1.54077790729E-03,-0.290284506106)
  );
#1065 = DIRECTION('',(0.290284850673,-5.418509223099E-20,0.956940283126)
  );
#1066 = DEFINITIONAL_REPRESENTATION('',(#1067),#1071);
#1067 = CIRCLE('',#1068,0.196059102707);
#1068 = AXIS2_PLACEMENT_2D('',#1069,#1070);
#1069 = CARTESIAN_POINT('',(18.135901586125,2.025528926938));
#1070 = DIRECTION('',(1.,-4.572374876844E-20));
#1071 = ( GEOMETRIC_REPRESENTATION_CONTEXT(2) 
PARAMETRIC_REPRESENTATION_CONTEXT() REPRESENTATION_CONTEXT('2D SPACE',''
  ) );
#1072 = ORIENTED_EDGE('',*,*,#1073,.T.);
#1073 = EDGE_CURVE('',#1045,#1045,#1074,.T.);
#1074 = SURFACE_CURVE('',#1075,(#1080,#1087),.PCURVE_S1.);
#1075 = CIRCLE('',#1076,0.196036071494);
#1076 = AXIS2_PLACEMENT_3D('',#1077,#1078,#1079);
#1077 = CARTESIAN_POINT('',(23.102672600475,-1.804909945436,
    12.544709062351));
#1078 = DIRECTION('',(0.995184769813,9.801670231362E-02,0.));
#1079 = DIRECTION('',(-9.801670231362E-02,0.995184769813,0.));
#1080 = PCURVE('',#886,#1081);
#1081 = DEFINITIONAL_REPRESENTATION('',(#1082),#1086);
#1082 = LINE('',#1083,#1084);
#1083 = CARTESIAN_POINT('',(-6.086835270822,5.047234607147E-06));
#1084 = VECTOR('',#1085,1.);
#1085 = DIRECTION('',(0.,1.));
#1086 = ( GEOMETRIC_REPRESENTATION_CONTEXT(2) 
PARAMETRIC_REPRESENTATION_CONTEXT() REPRESENTATION_CONTEXT('2D SPACE',''
  ) );
#1087 = PCURVE('',#1088,#1093);
#1088 = PLANE('',#1089);
#1089 = AXIS2_PLACEMENT_3D('',#1090,#1091,#1092);
#1090 = CARTESIAN_POINT('',(22.704659444139,2.236203681339,0.));
#1091 = DIRECTION('',(0.995184769813,9.801670231362E-02,0.));
#1092 = DIRECTION('',(-9.801670231362E-02,0.995184769813,0.));
#1093 = DEFINITIONAL_REPRESENTATION('',(#1094),#1098);
#1094 = CIRCLE('',#1095,0.196036071494);
#1095 = AXIS2_PLACEMENT_2D('',#1096,#1097);
#1096 = CARTESIAN_POINT('',(-4.060666671511,12.544709062351));
#1097 = DIRECTION('',(1.,0.));
#1098 = ( GEOMETRIC_REPRESENTATION_CONTEXT(2) 
PARAMETRIC_REPRESENTATION_CONTEXT() REPRESENTATION_CONTEXT('2D SPACE',''
  ) );
#1099 = ORIENTED_EDGE('',*,*,#1100,.T.);
#1100 = EDGE_CURVE('',#1045,#1045,#1101,.T.);
#1101 = SURFACE_CURVE('',#1102,(#1106,#1113),.PCURVE_S1.);
#1102 = LINE('',#1103,#1104);
#1103 = CARTESIAN_POINT('',(23.121887207031,-2.,12.544710159302));
#1104 = VECTOR('',#1105,1.);
#1105 = DIRECTION('',(-9.801646504467E-02,0.,-0.995184793182));
#1106 = PCURVE('',#886,#1107);
#1107 = DEFINITIONAL_REPRESENTATION('',(#1108),#1112);
#1108 = LINE('',#1109,#1110);
#1109 = CARTESIAN_POINT('',(-6.2831856539,6.283185855655));
#1110 = VECTOR('',#1111,1.);
#1111 = DIRECTION('',(-3.459443171344E-08,-1.));
#1112 = ( GEOMETRIC_REPRESENTATION_CONTEXT(2) 
PARAMETRIC_REPRESENTATION_CONTEXT() REPRESENTATION_CONTEXT('2D SPACE',''
  ) );
#1113 = PCURVE('',#1114,#1119);
#1114 = PLANE('',#1115);
#1115 = AXIS2_PLACEMENT_3D('',#1116,#1117,#1118);
#1116 = CARTESIAN_POINT('',(21.687485282615,-0.133798738835,
    -2.136016001927));
#1117 = DIRECTION('',(0.995166036562,-6.139575837769E-03,
    -9.801461769176E-02));
#1118 = DIRECTION('',(9.801646504467E-02,4.851856232543E-20,
    0.995184793182));
#1119 = DEFINITIONAL_REPRESENTATION('',(#1120),#1124);
#1120 = LINE('',#1121,#1122);
#1121 = CARTESIAN_POINT('',(14.750630434604,1.86623643482));
#1122 = VECTOR('',#1123,1.);
#1123 = DIRECTION('',(-1.,-2.263091788181E-20));
#1124 = ( GEOMETRIC_REPRESENTATION_CONTEXT(2) 
PARAMETRIC_REPRESENTATION_CONTEXT() REPRESENTATION_CONTEXT('2D SPACE',''
  ) );
#1125 = ORIENTED_EDGE('',*,*,#1126,.F.);
#1126 = EDGE_CURVE('',#1127,#1045,#1129,.T.);
#1127 = VERTEX_POINT('',#1128);
#1128 = CARTESIAN_POINT('',(22.969646453857,-1.234633207321,
    12.544710159302));
#1129 = SURFACE_CURVE('',#1130,(#1135,#1142),.PCURVE_S1.);
#1130 = CIRCLE('',#1131,0.196060379688);
#1131 = AXIS2_PLACEMENT_3D('',#1132,#1133,#1134);
#1132 = CARTESIAN_POINT('',(23.026547527044,-1.422227187911,
    12.541642306542));
#1133 = DIRECTION('',(0.956939198449,0.290284337174,-1.540799821706E-03)
  );
#1134 = DIRECTION('',(-0.290284681751,0.956940334368,2.773537750053E-20)
  );
#1135 = PCURVE('',#886,#1136);
#1136 = DEFINITIONAL_REPRESENTATION('',(#1137),#1141);
#1137 = LINE('',#1138,#1139);
#1138 = CARTESIAN_POINT('',(-5.874836776543,6.283185876792));
#1139 = VECTOR('',#1140,1.);
#1140 = DIRECTION('',(-1.,-4.113695382703E-08));
#1141 = ( GEOMETRIC_REPRESENTATION_CONTEXT(2) 
PARAMETRIC_REPRESENTATION_CONTEXT() REPRESENTATION_CONTEXT('2D SPACE',''
  ) );
#1142 = PCURVE('',#1143,#1148);
#1143 = PLANE('',#1144);
#1144 = AXIS2_PLACEMENT_3D('',#1145,#1146,#1147);
#1145 = CARTESIAN_POINT('',(20.672596256758,6.270963622117,
    -3.328563891859E-02));
#1146 = DIRECTION('',(0.956939198449,0.290284337174,-1.540799821706E-03)
  );
#1147 = DIRECTION('',(-0.290284681751,0.956940334368,2.773537750053E-20)
  );
#1148 = DEFINITIONAL_REPRESENTATION('',(#1149),#1153);
#1149 = CIRCLE('',#1150,0.196060379688);
#1150 = AXIS2_PLACEMENT_2D('',#1151,#1152);
#1151 = CARTESIAN_POINT('',(-8.045240581459,12.574942872329));
#1152 = DIRECTION('',(1.,-6.817239961454E-21));
#1153 = ( GEOMETRIC_REPRESENTATION_CONTEXT(2) 
PARAMETRIC_REPRESENTATION_CONTEXT() REPRESENTATION_CONTEXT('2D SPACE',''
  ) );
#1154 = ORIENTED_EDGE('',*,*,#1155,.T.);
#1155 = EDGE_CURVE('',#1127,#1156,#1158,.T.);
#1156 = VERTEX_POINT('',#1157);
#1157 = CARTESIAN_POINT('',(22.784828186035,-0.888859570026,
    12.544710159302));
#1158 = SURFACE_CURVE('',#1159,(#1164,#1171),.PCURVE_S1.);
#1159 = CIRCLE('',#1160,0.196159947512);
#1160 = AXIS2_PLACEMENT_3D('',#1161,#1162,#1163);
#1161 = CARTESIAN_POINT('',(22.87721779175,-1.061764140675,
    12.551846415086));
#1162 = DIRECTION('',(0.88191728185,0.471390548074,3.585967292592E-03));
#1163 = DIRECTION('',(-0.471393578947,0.881922952263,1.578307921591E-19)
  );
#1164 = PCURVE('',#886,#1165);
#1165 = DEFINITIONAL_REPRESENTATION('',(#1166),#1170);
#1166 = LINE('',#1167,#1168);
#1167 = CARTESIAN_POINT('',(-9.068468920683,6.283182012481));
#1168 = VECTOR('',#1169,1.);
#1169 = DIRECTION('',(0.999999999999,1.194328222711E-06));
#1170 = ( GEOMETRIC_REPRESENTATION_CONTEXT(2) 
PARAMETRIC_REPRESENTATION_CONTEXT() REPRESENTATION_CONTEXT('2D SPACE',''
  ) );
#1171 = PCURVE('',#1172,#1177);
#1172 = PLANE('',#1173);
#1173 = AXIS2_PLACEMENT_3D('',#1174,#1175,#1176);
#1174 = CARTESIAN_POINT('',(17.391689831324,9.29597182213,
    7.07164177203E-02));
#1175 = DIRECTION('',(0.88191728185,0.471390548074,3.585967292592E-03));
#1176 = DIRECTION('',(-0.471393578947,0.881922952263,1.578307921591E-19)
  );
#1177 = DEFINITIONAL_REPRESENTATION('',(#1178),#1182);
#1178 = CIRCLE('',#1179,0.196159947512);
#1179 = AXIS2_PLACEMENT_2D('',#1180,#1181);
#1180 = CARTESIAN_POINT('',(-11.72056773675,12.481210246573));
#1181 = DIRECTION('',(1.,-2.210493812447E-19));
#1182 = ( GEOMETRIC_REPRESENTATION_CONTEXT(2) 
PARAMETRIC_REPRESENTATION_CONTEXT() REPRESENTATION_CONTEXT('2D SPACE',''
  ) );
#1183 = ORIENTED_EDGE('',*,*,#1184,.F.);
#1184 = EDGE_CURVE('',#1185,#1156,#1187,.T.);
#1185 = VERTEX_POINT('',#1186);
#1186 = CARTESIAN_POINT('',(22.536100387573,-0.585786402225,
    12.544710159302));
#1187 = SURFACE_CURVE('',#1188,(#1193,#1200),.PCURVE_S1.);
#1188 = CIRCLE('',#1189,0.196043908706);
#1189 = AXIS2_PLACEMENT_3D('',#1190,#1191,#1192);
#1190 = CARTESIAN_POINT('',(22.660457249222,-0.737317722325,
    12.542664787395));
#1191 = DIRECTION('',(0.773007447042,0.634396115937,-1.027084031418E-03)
  );
#1192 = DIRECTION('',(-0.63439645055,0.773007854766,-8.999376041623E-20)
  );
#1193 = PCURVE('',#886,#1194);
#1194 = DEFINITIONAL_REPRESENTATION('',(#1195),#1199);
#1195 = LINE('',#1196,#1197);
#1196 = CARTESIAN_POINT('',(0.795835561108,6.283185895786));
#1197 = VECTOR('',#1198,1.);
#1198 = DIRECTION('',(-1.,-4.534099707587E-07));
#1199 = ( GEOMETRIC_REPRESENTATION_CONTEXT(2) 
PARAMETRIC_REPRESENTATION_CONTEXT() REPRESENTATION_CONTEXT('2D SPACE',''
  ) );
#1200 = PCURVE('',#1201,#1206);
#1201 = PLANE('',#1202);
#1202 = AXIS2_PLACEMENT_3D('',#1203,#1204,#1205);
#1203 = CARTESIAN_POINT('',(13.169007692873,10.807615583864,
    -1.749747374715E-02));
#1204 = DIRECTION('',(0.773007447042,0.634396115937,-1.027084031418E-03)
  );
#1205 = DIRECTION('',(-0.63439645055,0.773007854766,-8.999376041623E-20)
  );
#1206 = DEFINITIONAL_REPRESENTATION('',(#1207),#1211);
#1207 = CIRCLE('',#1208,0.196043908706);
#1208 = AXIS2_PLACEMENT_2D('',#1209,#1210);
#1209 = CARTESIAN_POINT('',(-14.94566603755,12.560168886015));
#1210 = DIRECTION('',(1.,3.490099532314E-20));
#1211 = ( GEOMETRIC_REPRESENTATION_CONTEXT(2) 
PARAMETRIC_REPRESENTATION_CONTEXT() REPRESENTATION_CONTEXT('2D SPACE',''
  ) );
#1212 = ORIENTED_EDGE('',*,*,#1213,.F.);
#1213 = EDGE_CURVE('',#1214,#1185,#1216,.T.);
#1214 = VERTEX_POINT('',#1215);
#1215 = CARTESIAN_POINT('',(22.233028411865,-0.337060779333,
    12.544710159302));
#1216 = SURFACE_CURVE('',#1217,(#1222,#1229),.PCURVE_S1.);
#1217 = CIRCLE('',#1218,0.196037014199);
#1218 = AXIS2_PLACEMENT_3D('',#1219,#1220,#1221);
#1219 = CARTESIAN_POINT('',(22.384567187885,-0.461425878976,
    12.544709062351));
#1220 = DIRECTION('',(0.634394625869,0.773009352252,0.));
#1221 = DIRECTION('',(-0.773009352252,0.634394625869,0.));
#1222 = PCURVE('',#886,#1223);
#1223 = DEFINITIONAL_REPRESENTATION('',(#1224),#1228);
#1224 = LINE('',#1225,#1226);
#1225 = CARTESIAN_POINT('',(0.981752973452,6.283185855654));
#1226 = VECTOR('',#1227,1.);
#1227 = DIRECTION('',(-1.,1.027895657894E-10));
#1228 = ( GEOMETRIC_REPRESENTATION_CONTEXT(2) 
PARAMETRIC_REPRESENTATION_CONTEXT() REPRESENTATION_CONTEXT('2D SPACE',''
  ) );
#1229 = PCURVE('',#1230,#1235);
#1230 = PLANE('',#1231);
#1231 = AXIS2_PLACEMENT_3D('',#1232,#1233,#1234);
#1232 = CARTESIAN_POINT('',(8.782535478332,10.701512567105,0.));
#1233 = DIRECTION('',(0.634394625869,0.773009352252,0.));
#1234 = DIRECTION('',(0.773009352252,-0.634394625869,0.));
#1235 = DEFINITIONAL_REPRESENTATION('',(#1236),#1240);
#1236 = CIRCLE('',#1237,0.196037014199);
#1237 = AXIS2_PLACEMENT_2D('',#1238,#1239);
#1238 = CARTESIAN_POINT('',(17.596205880208,-12.54470906235));
#1239 = DIRECTION('',(-1.,0.));
#1240 = ( GEOMETRIC_REPRESENTATION_CONTEXT(2) 
PARAMETRIC_REPRESENTATION_CONTEXT() REPRESENTATION_CONTEXT('2D SPACE',''
  ) );
#1241 = ORIENTED_EDGE('',*,*,#1242,.T.);
#1242 = EDGE_CURVE('',#1214,#1243,#1245,.T.);
#1243 = VERTEX_POINT('',#1244);
#1244 = CARTESIAN_POINT('',(21.887256622314,-0.152240931988,
    12.544710159302));
#1245 = SURFACE_CURVE('',#1246,(#1251,#1258),.PCURVE_S1.);
#1246 = CIRCLE('',#1247,0.196053540784);
#1247 = AXIS2_PLACEMENT_3D('',#1248,#1249,#1250);
#1248 = CARTESIAN_POINT('',(22.060143305303,-0.244656616399,
    12.547771068884));
#1249 = DIRECTION('',(0.471398113863,0.881919186508,1.538413169048E-03)
  );
#1250 = DIRECTION('',(-0.881920230136,0.471398671697,7.745381039254E-20)
  );
#1251 = PCURVE('',#886,#1252);
#1252 = DEFINITIONAL_REPRESENTATION('',(#1253),#1257);
#1253 = LINE('',#1254,#1255);
#1254 = CARTESIAN_POINT('',(-2.175458089626,6.283185002866));
#1255 = VECTOR('',#1256,1.);
#1256 = DIRECTION('',(1.,2.71166259E-07));
#1257 = ( GEOMETRIC_REPRESENTATION_CONTEXT(2) 
PARAMETRIC_REPRESENTATION_CONTEXT() REPRESENTATION_CONTEXT('2D SPACE',''
  ) );
#1258 = PCURVE('',#1259,#1264);
#1259 = PLANE('',#1260);
#1260 = AXIS2_PLACEMENT_3D('',#1261,#1262,#1263);
#1261 = CARTESIAN_POINT('',(4.809508192922,8.997909470287,
    1.56958853314E-02));
#1262 = DIRECTION('',(0.471398113863,0.881919186508,1.538413169048E-03)
  );
#1263 = DIRECTION('',(0.881920230136,-0.471398671697,-7.745381039254E-20
    ));
#1264 = DEFINITIONAL_REPRESENTATION('',(#1265),#1269);
#1265 = CIRCLE('',#1266,0.196053540784);
#1266 = AXIS2_PLACEMENT_2D('',#1267,#1268);
#1267 = CARTESIAN_POINT('',(19.570617464631,-12.5320900135));
#1268 = DIRECTION('',(-1.,1.555885130773E-19));
#1269 = ( GEOMETRIC_REPRESENTATION_CONTEXT(2) 
PARAMETRIC_REPRESENTATION_CONTEXT() REPRESENTATION_CONTEXT('2D SPACE',''
  ) );
#1270 = ORIENTED_EDGE('',*,*,#1271,.F.);
#1271 = EDGE_CURVE('',#1272,#1243,#1274,.T.);
#1272 = VERTEX_POINT('',#1273);
#1273 = CARTESIAN_POINT('',(21.512069702148,-3.842943906784E-02,
    12.544710159302));
#1274 = SURFACE_CURVE('',#1275,(#1280,#1287),.PCURVE_S1.);
#1275 = CIRCLE('',#1276,0.196053828471);
#1276 = AXIS2_PLACEMENT_3D('',#1277,#1278,#1279);
#1277 = CARTESIAN_POINT('',(21.699659436008,-9.533899449084E-02,
    12.541642415699));
#1278 = DIRECTION('',(0.290283830433,0.956939352256,-1.540744479222E-03)
  );
#1279 = DIRECTION('',(-0.956940488094,0.290284174985,5.105607934746E-20)
  );
#1280 = PCURVE('',#886,#1281);
#1281 = DEFINITIONAL_REPRESENTATION('',(#1282),#1286);
#1282 = LINE('',#1283,#1284);
#1283 = CARTESIAN_POINT('',(7.673278342967,6.283185840503));
#1284 = VECTOR('',#1285,1.);
#1285 = DIRECTION('',(-1.,-1.960201719368E-07));
#1286 = ( GEOMETRIC_REPRESENTATION_CONTEXT(2) 
PARAMETRIC_REPRESENTATION_CONTEXT() REPRESENTATION_CONTEXT('2D SPACE',''
  ) );
#1287 = PCURVE('',#1288,#1293);
#1288 = PLANE('',#1289);
#1289 = AXIS2_PLACEMENT_3D('',#1290,#1291,#1292);
#1290 = CARTESIAN_POINT('',(1.796422401415,5.922022203665,
    -9.534902075682E-03));
#1291 = DIRECTION('',(0.290283830433,0.956939352256,-1.540744479222E-03)
  );
#1292 = DIRECTION('',(0.956940488094,-0.290284174985,-5.105607934746E-20
    ));
#1293 = DEFINITIONAL_REPRESENTATION('',(#1294),#1298);
#1294 = CIRCLE('',#1295,0.196053828471);
#1295 = AXIS2_PLACEMENT_2D('',#1296,#1297);
#1296 = CARTESIAN_POINT('',(20.792958093525,-12.55119221538));
#1297 = DIRECTION('',(-1.,5.373144019637E-20));
#1298 = ( GEOMETRIC_REPRESENTATION_CONTEXT(2) 
PARAMETRIC_REPRESENTATION_CONTEXT() REPRESENTATION_CONTEXT('2D SPACE',''
  ) );
#1299 = ORIENTED_EDGE('',*,*,#1300,.T.);
#1300 = EDGE_CURVE('',#1272,#870,#1301,.T.);
#1301 = SURFACE_CURVE('',#1302,(#1307,#1314),.PCURVE_S1.);
#1302 = CIRCLE('',#1303,0.196414289776);
#1303 = AXIS2_PLACEMENT_3D('',#1304,#1305,#1306);
#1304 = CARTESIAN_POINT('',(21.316970122649,-1.928928004501E-02,
    12.556928782805));
#1305 = DIRECTION('',(9.801483213531E-02,0.995166015656,
    6.139541050174E-03));
#1306 = DIRECTION('',(-0.995184772063,9.801667947133E-02,
    1.754783857823E-20));
#1307 = PCURVE('',#886,#1308);
#1308 = DEFINITIONAL_REPRESENTATION('',(#1309),#1313);
#1309 = LINE('',#1310,#1311);
#1310 = CARTESIAN_POINT('',(4.453791020541,6.283186924469));
#1311 = VECTOR('',#1312,1.);
#1312 = DIRECTION('',(1.,-3.110367948769E-07));
#1313 = ( GEOMETRIC_REPRESENTATION_CONTEXT(2) 
PARAMETRIC_REPRESENTATION_CONTEXT() REPRESENTATION_CONTEXT('2D SPACE',''
  ) );
#1314 = PCURVE('',#1315,#1320);
#1315 = PLANE('',#1316);
#1316 = AXIS2_PLACEMENT_3D('',#1317,#1318,#1319);
#1317 = CARTESIAN_POINT('',(0.210464993915,2.136897088603,
    1.318329523826E-02));
#1318 = DIRECTION('',(9.801483213531E-02,0.995166015656,
    6.139541050174E-03));
#1319 = DIRECTION('',(0.995184772063,-9.801667947133E-02,
    -1.754783857823E-20));
#1320 = DEFINITIONAL_REPRESENTATION('',(#1321),#1325);
#1321 = CIRCLE('',#1322,0.196414289776);
#1322 = AXIS2_PLACEMENT_2D('',#1323,#1324);
#1323 = CARTESIAN_POINT('',(21.216214723754,-12.54398190599));
#1324 = DIRECTION('',(-1.,-1.283615388101E-19));
#1325 = ( GEOMETRIC_REPRESENTATION_CONTEXT(2) 
PARAMETRIC_REPRESENTATION_CONTEXT() REPRESENTATION_CONTEXT('2D SPACE',''
  ) );
#1326 = ORIENTED_EDGE('',*,*,#869,.T.);
#1327 = ORIENTED_EDGE('',*,*,#1328,.F.);
#1328 = EDGE_CURVE('',#930,#842,#1329,.T.);
#1329 = SURFACE_CURVE('',#1330,(#1335,#1342),.PCURVE_S1.);
#1330 = CIRCLE('',#1331,0.196037030144);
#1331 = AXIS2_PLACEMENT_3D('',#1332,#1333,#1334);
#1332 = CARTESIAN_POINT('',(21.316976546001,-1.99999930656,
    10.563924601451));
#1333 = DIRECTION('',(9.801622777686E-02,0.,-0.99518481655));
#1334 = DIRECTION('',(0.99518481655,0.,9.801622777686E-02));
#1335 = PCURVE('',#886,#1336);
#1336 = DEFINITIONAL_REPRESENTATION('',(#1337),#1341);
#1337 = LINE('',#1338,#1339);
#1338 = CARTESIAN_POINT('',(-6.283183554695,-4.516038707745));
#1339 = VECTOR('',#1340,1.);
#1340 = DIRECTION('',(-0.99785670445,-6.54369726043E-02));
#1341 = ( GEOMETRIC_REPRESENTATION_CONTEXT(2) 
PARAMETRIC_REPRESENTATION_CONTEXT() REPRESENTATION_CONTEXT('2D SPACE',''
  ) );
#1342 = PCURVE('',#1343,#1348);
#1343 = PLANE('',#1344);
#1344 = AXIS2_PLACEMENT_3D('',#1345,#1346,#1347);
#1345 = CARTESIAN_POINT('',(-0.82565417539,-0.,8.383086328727));
#1346 = DIRECTION('',(9.801622777686E-02,0.,-0.99518481655));
#1347 = DIRECTION('',(-0.99518481655,0.,-9.801622777686E-02));
#1348 = DEFINITIONAL_REPRESENTATION('',(#1349),#1353);
#1349 = CIRCLE('',#1350,0.196037030144);
#1350 = AXIS2_PLACEMENT_2D('',#1351,#1352);
#1351 = CARTESIAN_POINT('',(-22.24976743329,-1.99999930656));
#1352 = DIRECTION('',(-1.,0.));
#1353 = ( GEOMETRIC_REPRESENTATION_CONTEXT(2) 
PARAMETRIC_REPRESENTATION_CONTEXT() REPRESENTATION_CONTEXT('2D SPACE',''
  ) );
#1354 = ADVANCED_FACE('',(#1355),#1032,.T.);
#1355 = FACE_BOUND('',#1356,.T.);
#1356 = EDGE_LOOP('',(#1357,#1358,#1381,#1409));
#1357 = ORIENTED_EDGE('',*,*,#1015,.T.);
#1358 = ORIENTED_EDGE('',*,*,#1359,.T.);
#1359 = EDGE_CURVE('',#1016,#1360,#1362,.T.);
#1360 = VERTEX_POINT('',#1361);
#1361 = CARTESIAN_POINT('',(22.735082592199,-8.,11.530711712834));
#1362 = SURFACE_CURVE('',#1363,(#1367,#1374),.PCURVE_S1.);
#1363 = LINE('',#1364,#1365);
#1364 = CARTESIAN_POINT('',(22.969646453857,-2.,11.779342651367));
#1365 = VECTOR('',#1366,1.);
#1366 = DIRECTION('',(9.055851059779E-03,-0.999657656686,
    2.454711777074E-02));
#1367 = PCURVE('',#1032,#1368);
#1368 = DEFINITIONAL_REPRESENTATION('',(#1369),#1373);
#1369 = LINE('',#1370,#1371);
#1370 = CARTESIAN_POINT('',(1.158514380908,1.782309447196));
#1371 = VECTOR('',#1372,1.);
#1372 = DIRECTION('',(1.72029133042E-02,0.999852018938));
#1373 = ( GEOMETRIC_REPRESENTATION_CONTEXT(2) 
PARAMETRIC_REPRESENTATION_CONTEXT() REPRESENTATION_CONTEXT('2D SPACE',''
  ) );
#1374 = PCURVE('',#1061,#1375);
#1375 = DEFINITIONAL_REPRESENTATION('',(#1376),#1380);
#1376 = LINE('',#1377,#1378);
#1377 = CARTESIAN_POINT('',(17.939867882718,2.028596336404));
#1378 = VECTOR('',#1379,1.);
#1379 = DIRECTION('',(2.611890220207E-02,0.99965884328));
#1380 = ( GEOMETRIC_REPRESENTATION_CONTEXT(2) 
PARAMETRIC_REPRESENTATION_CONTEXT() REPRESENTATION_CONTEXT('2D SPACE',''
  ) );
#1381 = ORIENTED_EDGE('',*,*,#1382,.F.);
#1382 = EDGE_CURVE('',#1360,#1360,#1383,.T.);
#1383 = SURFACE_CURVE('',#1384,(#1389,#1397),.PCURVE_S1.);
#1384 = ELLIPSE('',#1385,21.304600513322,2.013773371994);
#1385 = AXIS2_PLACEMENT_3D('',#1386,#1387,#1388);
#1386 = CARTESIAN_POINT('',(20.971833489298,-29.00578111746,
    12.400103305904));
#1387 = DIRECTION('',(0.886820932293,-9.682221679109E-02,-0.451856274032
    ));
#1388 = DIRECTION('',(-9.024889815218E-02,-0.99526338784,
    3.613758719819E-02));
#1389 = PCURVE('',#1032,#1390);
#1390 = DEFINITIONAL_REPRESENTATION('',(#1391),#1396);
#1391 = B_SPLINE_CURVE_WITH_KNOTS('',3,(#1392,#1393,#1394,#1395),
  .UNSPECIFIED.,.F.,.F.,(4,4),(3.000119529829,3.285316551208),
  .PIECEWISE_BEZIER_KNOTS.);
#1392 = CARTESIAN_POINT('',(0.958945344498,7.797515120506));
#1393 = CARTESIAN_POINT('',(1.129134073525,7.801563528542));
#1394 = CARTESIAN_POINT('',(1.072018308935,7.800204872644));
#1395 = CARTESIAN_POINT('',(1.244061709689,7.80429739916));
#1396 = ( GEOMETRIC_REPRESENTATION_CONTEXT(2) 
PARAMETRIC_REPRESENTATION_CONTEXT() REPRESENTATION_CONTEXT('2D SPACE',''
  ) );
#1397 = PCURVE('',#1398,#1403);
#1398 = PLANE('',#1399);
#1399 = AXIS2_PLACEMENT_3D('',#1400,#1401,#1402);
#1400 = CARTESIAN_POINT('',(14.014963708617,-1.530139631465,
    -7.140956027833));
#1401 = DIRECTION('',(0.886820932293,-9.682221679109E-02,-0.451856274032
    ));
#1402 = DIRECTION('',(0.453989255328,7.558157258463E-19,0.891007158247)
  );
#1403 = DEFINITIONAL_REPRESENTATION('',(#1404),#1408);
#1404 = ELLIPSE('',#1405,21.304600513322,2.013773371994);
#1405 = AXIS2_PLACEMENT_2D('',#1406,#1407);
#1406 = CARTESIAN_POINT('',(20.569567877227,27.605339871871));
#1407 = DIRECTION('',(-8.773181190931E-03,0.999961514905));
#1408 = ( GEOMETRIC_REPRESENTATION_CONTEXT(2) 
PARAMETRIC_REPRESENTATION_CONTEXT() REPRESENTATION_CONTEXT('2D SPACE',''
  ) );
#1409 = ORIENTED_EDGE('',*,*,#1410,.T.);
#1410 = EDGE_CURVE('',#987,#1360,#1411,.T.);
#1411 = SURFACE_CURVE('',#1412,(#1417,#1424),.PCURVE_S1.);
#1412 = ELLIPSE('',#1413,5.589219359459E+03,2.013773371994);
#1413 = AXIS2_PLACEMENT_3D('',#1414,#1415,#1416);
#1414 = CARTESIAN_POINT('',(-12.46991553243,-5.583971934417E+03,
    -25.01408395088));
#1415 = DIRECTION('',(0.63439470013,1.026956170736E-03,-0.773008609142)
  );
#1416 = DIRECTION('',(-6.248478168657E-03,-0.999959634366,
    -6.456481974518E-03));
#1417 = PCURVE('',#1032,#1418);
#1418 = DEFINITIONAL_REPRESENTATION('',(#1419),#1423);
#1419 = LINE('',#1420,#1421);
#1420 = CARTESIAN_POINT('',(0.558346199172,10.864360692158));
#1421 = VECTOR('',#1422,1.);
#1422 = DIRECTION('',(1.972430285623E-02,-0.999805457015));
#1423 = ( GEOMETRIC_REPRESENTATION_CONTEXT(2) 
PARAMETRIC_REPRESENTATION_CONTEXT() REPRESENTATION_CONTEXT('2D SPACE',''
  ) );
#1424 = PCURVE('',#1003,#1425);
#1425 = DEFINITIONAL_REPRESENTATION('',(#1426),#1430);
#1426 = ELLIPSE('',#1427,5.589219359459E+03,2.013773371994);
#1427 = AXIS2_PLACEMENT_2D('',#1428,#1429);
#1428 = CARTESIAN_POINT('',(25.508167799855,-5.583980723121E+03));
#1429 = DIRECTION('',(8.92609007143E-03,-0.999960161664));
#1430 = ( GEOMETRIC_REPRESENTATION_CONTEXT(2) 
PARAMETRIC_REPRESENTATION_CONTEXT() REPRESENTATION_CONTEXT('2D SPACE',''
  ) );
#1431 = ADVANCED_FACE('',(#1432),#423,.T.);
#1432 = FACE_BOUND('',#1433,.T.);
#1433 = EDGE_LOOP('',(#1434,#1456,#1457,#1481,#1510,#1539,#1568,#1597,
    #1626,#1655,#1684,#1711));
#1434 = ORIENTED_EDGE('',*,*,#1435,.T.);
#1435 = EDGE_CURVE('',#436,#407,#1436,.T.);
#1436 = SURFACE_CURVE('',#1437,(#1442,#1449),.PCURVE_S1.);
#1437 = CIRCLE('',#1438,0.366697993138);
#1438 = AXIS2_PLACEMENT_3D('',#1439,#1440,#1441);
#1439 = CARTESIAN_POINT('',(13.378314630879,-8.19036633994,
    11.656314838408));
#1440 = DIRECTION('',(-0.886820126619,-9.682436402743E-02,
    -0.451857395153));
#1441 = DIRECTION('',(0.453990477021,-9.265507835047E-18,-0.891006535764
    ));
#1442 = PCURVE('',#423,#1443);
#1443 = DEFINITIONAL_REPRESENTATION('',(#1444),#1448);
#1444 = LINE('',#1445,#1446);
#1445 = CARTESIAN_POINT('',(-3.141593922354,9.659323373423));
#1446 = VECTOR('',#1447,1.);
#1447 = DIRECTION('',(4.910952310896E-07,-1.));
#1448 = ( GEOMETRIC_REPRESENTATION_CONTEXT(2) 
PARAMETRIC_REPRESENTATION_CONTEXT() REPRESENTATION_CONTEXT('2D SPACE',''
  ) );
#1449 = PCURVE('',#452,#1450);
#1450 = DEFINITIONAL_REPRESENTATION('',(#1451),#1455);
#1451 = CIRCLE('',#1452,0.366697993138);
#1452 = AXIS2_PLACEMENT_2D('',#1453,#1454);
#1453 = CARTESIAN_POINT('',(-4.312225262943,9.818426821831));
#1454 = DIRECTION('',(1.,-2.352811779604E-18));
#1455 = ( GEOMETRIC_REPRESENTATION_CONTEXT(2) 
PARAMETRIC_REPRESENTATION_CONTEXT() REPRESENTATION_CONTEXT('2D SPACE',''
  ) );
#1456 = ORIENTED_EDGE('',*,*,#406,.F.);
#1457 = ORIENTED_EDGE('',*,*,#1458,.F.);
#1458 = EDGE_CURVE('',#1459,#378,#1461,.T.);
#1459 = VERTEX_POINT('',#1460);
#1460 = CARTESIAN_POINT('',(13.946316719055,-8.,10.926675796509));
#1461 = SURFACE_CURVE('',#1462,(#1467,#1474),.PCURVE_S1.);
#1462 = CIRCLE('',#1463,0.15693386261);
#1463 = AXIS2_PLACEMENT_3D('',#1464,#1465,#1466);
#1464 = CARTESIAN_POINT('',(13.826997287181,-7.997442238344,
    11.02858859145));
#1465 = DIRECTION('',(-0.649447724052,1.283032085043E-03,-0.76040516013)
  );
#1466 = DIRECTION('',(0.760405786009,-1.691829453683E-20,-0.649448258604
    ));
#1467 = PCURVE('',#423,#1468);
#1468 = DEFINITIONAL_REPRESENTATION('',(#1469),#1473);
#1469 = LINE('',#1470,#1471);
#1470 = CARTESIAN_POINT('',(9.424777548123,-0.958773465044));
#1471 = VECTOR('',#1472,1.);
#1472 = DIRECTION('',(4.767918659382E-07,1.));
#1473 = ( GEOMETRIC_REPRESENTATION_CONTEXT(2) 
PARAMETRIC_REPRESENTATION_CONTEXT() REPRESENTATION_CONTEXT('2D SPACE',''
  ) );
#1474 = PCURVE('',#394,#1475);
#1475 = DEFINITIONAL_REPRESENTATION('',(#1476),#1480);
#1476 = CIRCLE('',#1477,0.15693386261);
#1477 = AXIS2_PLACEMENT_2D('',#1478,#1479);
#1478 = CARTESIAN_POINT('',(-3.351631084734,-7.975154364188));
#1479 = DIRECTION('',(-1.,-1.420150053868E-19));
#1480 = ( GEOMETRIC_REPRESENTATION_CONTEXT(2) 
PARAMETRIC_REPRESENTATION_CONTEXT() REPRESENTATION_CONTEXT('2D SPACE',''
  ) );
#1481 = ORIENTED_EDGE('',*,*,#1482,.T.);
#1482 = EDGE_CURVE('',#1459,#1483,#1485,.T.);
#1483 = VERTEX_POINT('',#1484);
#1484 = CARTESIAN_POINT('',(14.503854751587,-8.,10.642596244812));
#1485 = SURFACE_CURVE('',#1486,(#1491,#1498),.PCURVE_S1.);
#1486 = CIRCLE('',#1487,0.36669875861);
#1487 = AXIS2_PLACEMENT_3D('',#1488,#1489,#1490);
#1488 = CARTESIAN_POINT('',(14.233493540432,-8.190365250594,
    10.801136277978));
#1489 = DIRECTION('',(-0.451857109534,-9.682381699259E-02,
    -0.886820331875));
#1490 = DIRECTION('',(0.89100669435,-8.85292651447E-19,-0.453990165779)
  );
#1491 = PCURVE('',#423,#1492);
#1492 = DEFINITIONAL_REPRESENTATION('',(#1493),#1497);
#1493 = LINE('',#1494,#1495);
#1494 = CARTESIAN_POINT('',(9.424779310266,2.747815874718));
#1495 = VECTOR('',#1496,1.);
#1496 = DIRECTION('',(-1.870227265889E-07,-1.));
#1497 = ( GEOMETRIC_REPRESENTATION_CONTEXT(2) 
PARAMETRIC_REPRESENTATION_CONTEXT() REPRESENTATION_CONTEXT('2D SPACE',''
  ) );
#1498 = PCURVE('',#1499,#1504);
#1499 = PLANE('',#1500);
#1500 = AXIS2_PLACEMENT_3D('',#1501,#1502,#1503);
#1501 = CARTESIAN_POINT('',(6.875977451529,1.473382554716,
    13.494878086162));
#1502 = DIRECTION('',(-0.451857109534,-9.682381699259E-02,
    -0.886820331875));
#1503 = DIRECTION('',(-0.89100669435,8.85292651447E-19,0.453990165779));
#1504 = DEFINITIONAL_REPRESENTATION('',(#1505),#1509);
#1505 = CIRCLE('',#1506,0.36669875861);
#1506 = AXIS2_PLACEMENT_2D('',#1507,#1508);
#1507 = CARTESIAN_POINT('',(-7.778528379061,-9.709366911823));
#1508 = DIRECTION('',(-1.,5.596753785482E-18));
#1509 = ( GEOMETRIC_REPRESENTATION_CONTEXT(2) 
PARAMETRIC_REPRESENTATION_CONTEXT() REPRESENTATION_CONTEXT('2D SPACE',''
  ) );
#1510 = ORIENTED_EDGE('',*,*,#1511,.T.);
#1511 = EDGE_CURVE('',#1483,#1512,#1514,.T.);
#1512 = VERTEX_POINT('',#1513);
#1513 = CARTESIAN_POINT('',(15.121888160706,-8.,10.544710159302));
#1514 = SURFACE_CURVE('',#1515,(#1520,#1527),.PCURVE_S1.);
#1515 = CIRCLE('',#1516,0.312868614753);
#1516 = AXIS2_PLACEMENT_3D('',#1517,#1518,#1519);
#1517 = CARTESIAN_POINT('',(14.812873188728,-8.000000390311,
    10.593652927645));
#1518 = DIRECTION('',(-0.156433233277,0.,-0.987688535686));
#1519 = DIRECTION('',(0.987688535686,0.,-0.156433233277));
#1520 = PCURVE('',#423,#1521);
#1521 = DEFINITIONAL_REPRESENTATION('',(#1522),#1526);
#1522 = LINE('',#1523,#1524);
#1523 = CARTESIAN_POINT('',(12.548906487186,-4.067430190456));
#1524 = VECTOR('',#1525,1.);
#1525 = DIRECTION('',(-0.994440801802,-0.105297159087));
#1526 = ( GEOMETRIC_REPRESENTATION_CONTEXT(2) 
PARAMETRIC_REPRESENTATION_CONTEXT() REPRESENTATION_CONTEXT('2D SPACE',''
  ) );
#1527 = PCURVE('',#1528,#1533);
#1528 = PLANE('',#1529);
#1529 = AXIS2_PLACEMENT_3D('',#1530,#1531,#1532);
#1530 = CARTESIAN_POINT('',(1.999287928862,-0.,12.623109076672));
#1531 = DIRECTION('',(-0.156433233277,0.,-0.987688535686));
#1532 = DIRECTION('',(-0.987688535686,0.,0.156433233277));
#1533 = DEFINITIONAL_REPRESENTATION('',(#1534),#1538);
#1534 = CIRCLE('',#1535,0.312868614753);
#1535 = AXIS2_PLACEMENT_2D('',#1536,#1537);
#1536 = CARTESIAN_POINT('',(-12.97330564939,-8.000000390311));
#1537 = DIRECTION('',(-1.,0.));
#1538 = ( GEOMETRIC_REPRESENTATION_CONTEXT(2) 
PARAMETRIC_REPRESENTATION_CONTEXT() REPRESENTATION_CONTEXT('2D SPACE',''
  ) );
#1539 = ORIENTED_EDGE('',*,*,#1540,.T.);
#1540 = EDGE_CURVE('',#1512,#1541,#1543,.T.);
#1541 = VERTEX_POINT('',#1542);
#1542 = CARTESIAN_POINT('',(15.121888160706,-10.,12.544710159302));
#1543 = SURFACE_CURVE('',#1544,(#1549,#1556),.PCURVE_S1.);
#1544 = CIRCLE('',#1545,1.999999766061);
#1545 = AXIS2_PLACEMENT_3D('',#1546,#1547,#1548);
#1546 = CARTESIAN_POINT('',(15.121887720668,-8.000000390311,
    12.544709644709));
#1547 = DIRECTION('',(-1.,-2.20019089242E-07,-2.20019089242E-07));
#1548 = DIRECTION('',(2.20019089242E-07,-1.050796236088E-30,-1.));
#1549 = PCURVE('',#423,#1550);
#1550 = DEFINITIONAL_REPRESENTATION('',(#1551),#1555);
#1551 = LINE('',#1552,#1553);
#1552 = CARTESIAN_POINT('',(1.162957781571,2.409148193971));
#1553 = VECTOR('',#1554,1.);
#1554 = DIRECTION('',(0.930389602032,0.366572214482));
#1555 = ( GEOMETRIC_REPRESENTATION_CONTEXT(2) 
PARAMETRIC_REPRESENTATION_CONTEXT() REPRESENTATION_CONTEXT('2D SPACE',''
  ) );
#1556 = PCURVE('',#1557,#1562);
#1557 = CYLINDRICAL_SURFACE('',#1558,1.999998450429);
#1558 = AXIS2_PLACEMENT_3D('',#1559,#1560,#1561);
#1559 = CARTESIAN_POINT('',(0.,-8.000001438655,12.544708469882));
#1560 = DIRECTION('',(1.,0.,0.));
#1561 = DIRECTION('',(-0.,0.,1.));
#1562 = DEFINITIONAL_REPRESENTATION('',(#1563),#1567);
#1563 = LINE('',#1564,#1565);
#1564 = CARTESIAN_POINT('',(9.424778484942,15.121888160706));
#1565 = VECTOR('',#1566,1.);
#1566 = DIRECTION('',(-1.,-1.809380417192E-14));
#1567 = ( GEOMETRIC_REPRESENTATION_CONTEXT(2) 
PARAMETRIC_REPRESENTATION_CONTEXT() REPRESENTATION_CONTEXT('2D SPACE',''
  ) );
#1568 = ORIENTED_EDGE('',*,*,#1569,.F.);
#1569 = EDGE_CURVE('',#1570,#1541,#1572,.T.);
#1570 = VERTEX_POINT('',#1571);
#1571 = CARTESIAN_POINT('',(14.731706619263,-9.961570739746,
    12.544710159302));
#1572 = SURFACE_CURVE('',#1573,(#1578,#1585),.PCURVE_S1.);
#1573 = CIRCLE('',#1574,0.196415399067);
#1574 = AXIS2_PLACEMENT_3D('',#1575,#1576,#1577);
#1575 = CARTESIAN_POINT('',(14.926806125467,-9.980710844262,
    12.556929467789));
#1576 = DIRECTION('',(-9.801461768238E-02,-0.995166036467,
    6.139591416185E-03));
#1577 = DIRECTION('',(0.995184793182,-9.801646504467E-02,
    -4.37952669898E-21));
#1578 = PCURVE('',#423,#1579);
#1579 = DEFINITIONAL_REPRESENTATION('',(#1580),#1584);
#1580 = LINE('',#1581,#1582);
#1581 = CARTESIAN_POINT('',(1.312194566537,6.283187008104));
#1582 = VECTOR('',#1583,1.);
#1583 = DIRECTION('',(1.,-4.39138616889E-07));
#1584 = ( GEOMETRIC_REPRESENTATION_CONTEXT(2) 
PARAMETRIC_REPRESENTATION_CONTEXT() REPRESENTATION_CONTEXT('2D SPACE',''
  ) );
#1585 = PCURVE('',#1586,#1591);
#1586 = PLANE('',#1587);
#1587 = AXIS2_PLACEMENT_3D('',#1588,#1589,#1590);
#1588 = CARTESIAN_POINT('',(-0.837683270155,-8.50520013735,
    5.247210198369E-02));
#1589 = DIRECTION('',(-9.801461768238E-02,-0.995166036467,
    6.139591416185E-03));
#1590 = DIRECTION('',(-0.995184793182,9.801646504467E-02,
    4.37952669898E-21));
#1591 = DEFINITIONAL_REPRESENTATION('',(#1592),#1596);
#1592 = CIRCLE('',#1593,0.196415399067);
#1593 = AXIS2_PLACEMENT_2D('',#1594,#1595);
#1594 = CARTESIAN_POINT('',(-15.83320446242,-12.50469304762));
#1595 = DIRECTION('',(-1.,-1.079347439575E-19));
#1596 = ( GEOMETRIC_REPRESENTATION_CONTEXT(2) 
PARAMETRIC_REPRESENTATION_CONTEXT() REPRESENTATION_CONTEXT('2D SPACE',''
  ) );
#1597 = ORIENTED_EDGE('',*,*,#1598,.T.);
#1598 = EDGE_CURVE('',#1570,#1599,#1601,.T.);
#1599 = VERTEX_POINT('',#1600);
#1600 = CARTESIAN_POINT('',(14.356520652771,-9.847759246826,
    12.544710159302));
#1601 = SURFACE_CURVE('',#1602,(#1607,#1614),.PCURVE_S1.);
#1602 = CIRCLE('',#1603,0.196056953133);
#1603 = AXIS2_PLACEMENT_3D('',#1604,#1605,#1606);
#1604 = CARTESIAN_POINT('',(14.544115023388,-9.90466047586,
    12.541643023065));
#1605 = DIRECTION('',(-0.290284506126,-0.956939147307,-1.54073176792E-03
    ));
#1606 = DIRECTION('',(0.956940283126,-0.290284850673,-1.414776078062E-20
    ));
#1607 = PCURVE('',#423,#1608);
#1608 = DEFINITIONAL_REPRESENTATION('',(#1609),#1613);
#1609 = LINE('',#1610,#1611);
#1610 = CARTESIAN_POINT('',(4.531683277496,6.283185555252));
#1611 = VECTOR('',#1612,1.);
#1612 = DIRECTION('',(-1.,-1.297819827625E-09));
#1613 = ( GEOMETRIC_REPRESENTATION_CONTEXT(2) 
PARAMETRIC_REPRESENTATION_CONTEXT() REPRESENTATION_CONTEXT('2D SPACE',''
  ) );
#1614 = PCURVE('',#1615,#1620);
#1615 = PLANE('',#1616);
#1616 = AXIS2_PLACEMENT_3D('',#1617,#1618,#1619);
#1617 = CARTESIAN_POINT('',(-1.520191741681,-5.011397295847,
    -8.068662502845E-03));
#1618 = DIRECTION('',(-0.290284506126,-0.956939147307,-1.54073176792E-03
    ));
#1619 = DIRECTION('',(-0.956940283126,0.290284850673,1.414776078062E-20)
  );
#1620 = DEFINITIONAL_REPRESENTATION('',(#1621),#1625);
#1621 = CIRCLE('',#1622,0.196056953133);
#1622 = AXIS2_PLACEMENT_2D('',#1623,#1624);
#1623 = CARTESIAN_POINT('',(-16.7930224355,-12.54972658118));
#1624 = DIRECTION('',(-1.,7.480547377482E-20));
#1625 = ( GEOMETRIC_REPRESENTATION_CONTEXT(2) 
PARAMETRIC_REPRESENTATION_CONTEXT() REPRESENTATION_CONTEXT('2D SPACE',''
  ) );
#1626 = ORIENTED_EDGE('',*,*,#1627,.F.);
#1627 = EDGE_CURVE('',#1628,#1599,#1630,.T.);
#1628 = VERTEX_POINT('',#1629);
#1629 = CARTESIAN_POINT('',(14.010747909546,-9.662939071655,
    12.544710159302));
#1630 = SURFACE_CURVE('',#1631,(#1636,#1643),.PCURVE_S1.);
#1631 = CIRCLE('',#1632,0.1960602449);
#1632 = AXIS2_PLACEMENT_3D('',#1633,#1634,#1635);
#1633 = CARTESIAN_POINT('',(14.183633349176,-9.755343320669,
    12.54777164323));
#1634 = DIRECTION('',(-0.471397752961,-0.881919379422,1.53840926982E-03)
  );
#1635 = DIRECTION('',(0.881920423045,-0.471398310791,-9.570163777926E-20
    ));
#1636 = PCURVE('',#423,#1637);
#1637 = DEFINITIONAL_REPRESENTATION('',(#1638),#1642);
#1638 = LINE('',#1639,#1640);
#1639 = CARTESIAN_POINT('',(-5.317056575564,6.283184620824));
#1640 = VECTOR('',#1641,1.);
#1641 = DIRECTION('',(1.,2.842154552313E-07));
#1642 = ( GEOMETRIC_REPRESENTATION_CONTEXT(2) 
PARAMETRIC_REPRESENTATION_CONTEXT() REPRESENTATION_CONTEXT('2D SPACE',''
  ) );
#1643 = PCURVE('',#1644,#1649);
#1644 = PLANE('',#1645);
#1645 = AXIS2_PLACEMENT_3D('',#1646,#1647,#1648);
#1646 = CARTESIAN_POINT('',(-0.912907495877,-1.707922465003,
    2.979278847479E-03));
#1647 = DIRECTION('',(-0.471397752961,-0.881919379422,1.53840926982E-03)
  );
#1648 = DIRECTION('',(-0.881920423045,0.471398310791,9.570163777926E-20)
  );
#1649 = DEFINITIONAL_REPRESENTATION('',(#1650),#1654);
#1650 = CIRCLE('',#1651,0.1960602449);
#1651 = AXIS2_PLACEMENT_2D('',#1652,#1653);
#1652 = CARTESIAN_POINT('',(-17.10748828616,-12.5448072093));
#1653 = DIRECTION('',(-1.,3.970510894007E-20));
#1654 = ( GEOMETRIC_REPRESENTATION_CONTEXT(2) 
PARAMETRIC_REPRESENTATION_CONTEXT() REPRESENTATION_CONTEXT('2D SPACE',''
  ) );
#1655 = ORIENTED_EDGE('',*,*,#1656,.F.);
#1656 = EDGE_CURVE('',#1657,#1628,#1659,.T.);
#1657 = VERTEX_POINT('',#1658);
#1658 = CARTESIAN_POINT('',(13.160317420959,-8.390180587769,
    12.544710159302));
#1659 = SURFACE_CURVE('',#1660,(#1665,#1672),.PCURVE_S1.);
#1660 = CIRCLE('',#1661,1.999999766061);
#1661 = AXIS2_PLACEMENT_3D('',#1662,#1663,#1664);
#1662 = CARTESIAN_POINT('',(15.121887720668,-8.000000390311,
    12.544709644709));
#1663 = DIRECTION('',(2.315608331991E-07,1.547240855261E-07,1.));
#1664 = DIRECTION('',(1.,1.739532297966E-31,-2.315608331991E-07));
#1665 = PCURVE('',#423,#1666);
#1666 = DEFINITIONAL_REPRESENTATION('',(#1667),#1671);
#1667 = LINE('',#1668,#1669);
#1668 = CARTESIAN_POINT('',(-6.28318530718,6.283185564476));
#1669 = VECTOR('',#1670,1.);
#1670 = DIRECTION('',(1.,7.689872256707E-14));
#1671 = ( GEOMETRIC_REPRESENTATION_CONTEXT(2) 
PARAMETRIC_REPRESENTATION_CONTEXT() REPRESENTATION_CONTEXT('2D SPACE',''
  ) );
#1672 = PCURVE('',#1673,#1678);
#1673 = CYLINDRICAL_SURFACE('',#1674,1.984346360035);
#1674 = AXIS2_PLACEMENT_3D('',#1675,#1676,#1677);
#1675 = CARTESIAN_POINT('',(15.090642429379,-7.998801708752,
    -2.432704247679E-02));
#1676 = DIRECTION('',(1.225890664117E-03,-7.285516360563E-04,
    0.999998983202));
#1677 = DIRECTION('',(0.999999248595,0.,-1.22589098946E-03));
#1678 = DEFINITIONAL_REPRESENTATION('',(#1679),#1683);
#1679 = LINE('',#1680,#1681);
#1680 = CARTESIAN_POINT('',(-2.367019568238E-03,12.558643254397));
#1681 = VECTOR('',#1682,1.);
#1682 = DIRECTION('',(0.999996908545,2.486543925717E-03));
#1683 = ( GEOMETRIC_REPRESENTATION_CONTEXT(2) 
PARAMETRIC_REPRESENTATION_CONTEXT() REPRESENTATION_CONTEXT('2D SPACE',''
  ) );
#1684 = ORIENTED_EDGE('',*,*,#1685,.T.);
#1685 = EDGE_CURVE('',#1657,#465,#1686,.T.);
#1686 = SURFACE_CURVE('',#1687,(#1692,#1699),.PCURVE_S1.);
#1687 = CIRCLE('',#1688,0.196035852609);
#1688 = AXIS2_PLACEMENT_3D('',#1689,#1690,#1691);
#1689 = CARTESIAN_POINT('',(13.141102742416,-8.195089802297,
    12.544709644709));
#1690 = DIRECTION('',(-0.995184769813,-9.801670231362E-02,0.));
#1691 = DIRECTION('',(9.801670231362E-02,-0.995184769813,0.));
#1692 = PCURVE('',#423,#1693);
#1693 = DEFINITIONAL_REPRESENTATION('',(#1694),#1698);
#1694 = LINE('',#1695,#1696);
#1695 = CARTESIAN_POINT('',(-2.945240126568,6.283185564478));
#1696 = VECTOR('',#1697,1.);
#1697 = DIRECTION('',(-1.,6.604191968171E-12));
#1698 = ( GEOMETRIC_REPRESENTATION_CONTEXT(2) 
PARAMETRIC_REPRESENTATION_CONTEXT() REPRESENTATION_CONTEXT('2D SPACE',''
  ) );
#1699 = PCURVE('',#1700,#1705);
#1700 = PLANE('',#1701);
#1701 = AXIS2_PLACEMENT_3D('',#1702,#1703,#1704);
#1702 = CARTESIAN_POINT('',(12.215464751996,1.203112837472,-0.));
#1703 = DIRECTION('',(-0.995184769813,-9.801670231362E-02,0.));
#1704 = DIRECTION('',(9.801670231362E-02,-0.995184769813,0.));
#1705 = DEFINITIONAL_REPRESENTATION('',(#1706),#1710);
#1706 = CIRCLE('',#1707,0.196035852609);
#1707 = AXIS2_PLACEMENT_2D('',#1708,#1709);
#1708 = CARTESIAN_POINT('',(9.443676114071,12.544709644709));
#1709 = DIRECTION('',(1.,0.));
#1710 = ( GEOMETRIC_REPRESENTATION_CONTEXT(2) 
PARAMETRIC_REPRESENTATION_CONTEXT() REPRESENTATION_CONTEXT('2D SPACE',''
  ) );
#1711 = ORIENTED_EDGE('',*,*,#464,.F.);
#1712 = ADVANCED_FACE('',(#1713),#1726,.T.);
#1713 = FACE_BOUND('',#1714,.T.);
#1714 = EDGE_LOOP('',(#1715,#1749,#1778,#1806,#1833));
#1715 = ORIENTED_EDGE('',*,*,#1716,.T.);
#1716 = EDGE_CURVE('',#1717,#1717,#1719,.T.);
#1717 = VERTEX_POINT('',#1718);
#1718 = CARTESIAN_POINT('',(22.929307937622,-8.,19.348589579264));
#1719 = SURFACE_CURVE('',#1720,(#1725,#1737),.PCURVE_S1.);
#1720 = ELLIPSE('',#1721,12.845332098231,1.999998191982);
#1721 = AXIS2_PLACEMENT_3D('',#1722,#1723,#1724);
#1722 = CARTESIAN_POINT('',(21.121888928281,-8.000001946463,
    31.172289162284));
#1723 = DIRECTION('',(0.983048302555,-9.681957481454E-02,0.155698441791)
  );
#1724 = DIRECTION('',(-0.154948745555,1.526076757743E-02,0.987804634138)
  );
#1725 = PCURVE('',#1726,#1731);
#1726 = CYLINDRICAL_SURFACE('',#1727,1.999998191982);
#1727 = AXIS2_PLACEMENT_3D('',#1728,#1729,#1730);
#1728 = CARTESIAN_POINT('',(21.121888928281,-8.000001946463,0.));
#1729 = DIRECTION('',(-0.,-0.,1.));
#1730 = DIRECTION('',(1.,0.,0.));
#1731 = DEFINITIONAL_REPRESENTATION('',(#1732),#1736);
#1732 = LINE('',#1733,#1734);
#1733 = CARTESIAN_POINT('',(9.522953191707,18.544669085933));
#1734 = VECTOR('',#1735,1.);
#1735 = DIRECTION('',(-0.999999999924,1.22991321982E-05));
#1736 = ( GEOMETRIC_REPRESENTATION_CONTEXT(2) 
PARAMETRIC_REPRESENTATION_CONTEXT() REPRESENTATION_CONTEXT('2D SPACE',''
  ) );
#1737 = PCURVE('',#1738,#1743);
#1738 = PLANE('',#1739);
#1739 = AXIS2_PLACEMENT_3D('',#1740,#1741,#1742);
#1740 = CARTESIAN_POINT('',(25.94448368729,-2.555249699183,
    4.109173143051));
#1741 = DIRECTION('',(0.983048302555,-9.681957481454E-02,0.155698441791)
  );
#1742 = DIRECTION('',(-0.156433373739,-1.149551869396E-18,0.98768851344)
  );
#1743 = DEFINITIONAL_REPRESENTATION('',(#1744),#1748);
#1744 = ELLIPSE('',#1745,12.845332098231,1.999998191982);
#1745 = AXIS2_PLACEMENT_2D('',#1746,#1747);
#1746 = CARTESIAN_POINT('',(27.484343598408,5.47045271243));
#1747 = DIRECTION('',(0.999882445684,-1.533280186063E-02));
#1748 = ( GEOMETRIC_REPRESENTATION_CONTEXT(2) 
PARAMETRIC_REPRESENTATION_CONTEXT() REPRESENTATION_CONTEXT('2D SPACE',''
  ) );
#1749 = ORIENTED_EDGE('',*,*,#1750,.F.);
#1750 = EDGE_CURVE('',#1751,#1717,#1753,.T.);
#1751 = VERTEX_POINT('',#1752);
#1752 = CARTESIAN_POINT('',(21.121887207031,-10.,18.544710159302));
#1753 = SURFACE_CURVE('',#1754,(#1759,#1766),.PCURVE_S1.);
#1754 = CIRCLE('',#1755,1.999998551898);
#1755 = AXIS2_PLACEMENT_3D('',#1756,#1757,#1758);
#1756 = CARTESIAN_POINT('',(21.121889093191,-8.000001323273,
    18.544710233801));
#1757 = DIRECTION('',(3.056997467507E-08,-3.724962401483E-08,1.));
#1758 = DIRECTION('',(2.371996716722E-32,1.,3.724962401483E-08));
#1759 = PCURVE('',#1726,#1760);
#1760 = DEFINITIONAL_REPRESENTATION('',(#1761),#1765);
#1761 = LINE('',#1762,#1763);
#1762 = CARTESIAN_POINT('',(-4.71238889793,18.544710159302));
#1763 = VECTOR('',#1764,1.);
#1764 = DIRECTION('',(1.,-1.550897135115E-14));
#1765 = ( GEOMETRIC_REPRESENTATION_CONTEXT(2) 
PARAMETRIC_REPRESENTATION_CONTEXT() REPRESENTATION_CONTEXT('2D SPACE',''
  ) );
#1766 = PCURVE('',#1767,#1772);
#1767 = SPHERICAL_SURFACE('',#1768,1.999998551898);
#1768 = AXIS2_PLACEMENT_3D('',#1769,#1770,#1771);
#1769 = CARTESIAN_POINT('',(21.121889093191,-8.000001323273,
    18.544710233801));
#1770 = DIRECTION('',(0.,0.,1.));
#1771 = DIRECTION('',(1.,0.,-0.));
#1772 = DEFINITIONAL_REPRESENTATION('',(#1773),#1777);
#1773 = LINE('',#1774,#1775);
#1774 = CARTESIAN_POINT('',(1.570796326795,3.14159261634));
#1775 = VECTOR('',#1776,1.);
#1776 = DIRECTION('',(1.,-7.754492634369E-15));
#1777 = ( GEOMETRIC_REPRESENTATION_CONTEXT(2) 
PARAMETRIC_REPRESENTATION_CONTEXT() REPRESENTATION_CONTEXT('2D SPACE',''
  ) );
#1778 = ORIENTED_EDGE('',*,*,#1779,.F.);
#1779 = EDGE_CURVE('',#1780,#1751,#1782,.T.);
#1780 = VERTEX_POINT('',#1781);
#1781 = CARTESIAN_POINT('',(21.121887207031,-10.,12.544710159302));
#1782 = SURFACE_CURVE('',#1783,(#1787,#1794),.PCURVE_S1.);
#1783 = LINE('',#1784,#1785);
#1784 = CARTESIAN_POINT('',(21.121888928281,-10.00000013844,
    12.544710159302));
#1785 = VECTOR('',#1786,1.);
#1786 = DIRECTION('',(-0.,-0.,1.));
#1787 = PCURVE('',#1726,#1788);
#1788 = DEFINITIONAL_REPRESENTATION('',(#1789),#1793);
#1789 = LINE('',#1790,#1791);
#1790 = CARTESIAN_POINT('',(-1.570796326795,12.544710159302));
#1791 = VECTOR('',#1792,1.);
#1792 = DIRECTION('',(0.,1.));
#1793 = ( GEOMETRIC_REPRESENTATION_CONTEXT(2) 
PARAMETRIC_REPRESENTATION_CONTEXT() REPRESENTATION_CONTEXT('2D SPACE',''
  ) );
#1794 = PCURVE('',#1795,#1800);
#1795 = PLANE('',#1796);
#1796 = AXIS2_PLACEMENT_3D('',#1797,#1798,#1799);
#1797 = CARTESIAN_POINT('',(0.,-10.,0.));
#1798 = DIRECTION('',(0.,-1.,0.));
#1799 = DIRECTION('',(0.,-0.,-1.));
#1800 = DEFINITIONAL_REPRESENTATION('',(#1801),#1805);
#1801 = LINE('',#1802,#1803);
#1802 = CARTESIAN_POINT('',(-12.5447101593,21.121888928281));
#1803 = VECTOR('',#1804,1.);
#1804 = DIRECTION('',(-1.,0.));
#1805 = ( GEOMETRIC_REPRESENTATION_CONTEXT(2) 
PARAMETRIC_REPRESENTATION_CONTEXT() REPRESENTATION_CONTEXT('2D SPACE',''
  ) );
#1806 = ORIENTED_EDGE('',*,*,#1807,.F.);
#1807 = EDGE_CURVE('',#1360,#1780,#1808,.T.);
#1808 = SURFACE_CURVE('',#1809,(#1814,#1821),.PCURVE_S1.);
#1809 = CIRCLE('',#1810,1.999999177407);
#1810 = AXIS2_PLACEMENT_3D('',#1811,#1812,#1813);
#1811 = CARTESIAN_POINT('',(21.12188845232,-8.000000859664,
    12.544709227142));
#1812 = DIRECTION('',(4.660802892938E-07,-4.660802892938E-07,-1.));
#1813 = DIRECTION('',(-1.,6.426420938666E-30,-4.660802892939E-07));
#1814 = PCURVE('',#1726,#1815);
#1815 = DEFINITIONAL_REPRESENTATION('',(#1816),#1820);
#1816 = LINE('',#1817,#1818);
#1817 = CARTESIAN_POINT('',(3.14159319699,12.544710159302));
#1818 = VECTOR('',#1819,1.);
#1819 = DIRECTION('',(-1.,-1.142171192159E-13));
#1820 = ( GEOMETRIC_REPRESENTATION_CONTEXT(2) 
PARAMETRIC_REPRESENTATION_CONTEXT() REPRESENTATION_CONTEXT('2D SPACE',''
  ) );
#1821 = PCURVE('',#1822,#1827);
#1822 = SPHERICAL_SURFACE('',#1823,1.999999177407);
#1823 = AXIS2_PLACEMENT_3D('',#1824,#1825,#1826);
#1824 = CARTESIAN_POINT('',(21.12188845232,-8.000000859664,
    12.544709227142));
#1825 = DIRECTION('',(0.,0.,1.));
#1826 = DIRECTION('',(1.,0.,-0.));
#1827 = DEFINITIONAL_REPRESENTATION('',(#1828),#1832);
#1828 = LINE('',#1829,#1830);
#1829 = CARTESIAN_POINT('',(3.14159265359,4.660802684523E-07));
#1830 = VECTOR('',#1831,1.);
#1831 = DIRECTION('',(-1.,-5.710861154041E-14));
#1832 = ( GEOMETRIC_REPRESENTATION_CONTEXT(2) 
PARAMETRIC_REPRESENTATION_CONTEXT() REPRESENTATION_CONTEXT('2D SPACE',''
  ) );
#1833 = ORIENTED_EDGE('',*,*,#1834,.T.);
#1834 = EDGE_CURVE('',#1360,#1717,#1835,.T.);
#1835 = SURFACE_CURVE('',#1836,(#1840,#1847),.PCURVE_S1.);
#1836 = LINE('',#1837,#1838);
#1837 = CARTESIAN_POINT('',(23.121887120263,-8.000001946463,
    12.544710159302));
#1838 = VECTOR('',#1839,1.);
#1839 = DIRECTION('',(-0.,-0.,1.));
#1840 = PCURVE('',#1726,#1841);
#1841 = DEFINITIONAL_REPRESENTATION('',(#1842),#1846);
#1842 = LINE('',#1843,#1844);
#1843 = CARTESIAN_POINT('',(0.,12.544710159302));
#1844 = VECTOR('',#1845,1.);
#1845 = DIRECTION('',(0.,1.));
#1846 = ( GEOMETRIC_REPRESENTATION_CONTEXT(2) 
PARAMETRIC_REPRESENTATION_CONTEXT() REPRESENTATION_CONTEXT('2D SPACE',''
  ) );
#1847 = PCURVE('',#1848,#1853);
#1848 = PLANE('',#1849);
#1849 = AXIS2_PLACEMENT_3D('',#1850,#1851,#1852);
#1850 = CARTESIAN_POINT('',(23.121887207031,0.,0.));
#1851 = DIRECTION('',(1.,0.,0.));
#1852 = DIRECTION('',(-0.,0.,1.));
#1853 = DEFINITIONAL_REPRESENTATION('',(#1854),#1858);
#1854 = LINE('',#1855,#1856);
#1855 = CARTESIAN_POINT('',(12.544710159302,8.000001946463));
#1856 = VECTOR('',#1857,1.);
#1857 = DIRECTION('',(1.,0.));
#1858 = ( GEOMETRIC_REPRESENTATION_CONTEXT(2) 
PARAMETRIC_REPRESENTATION_CONTEXT() REPRESENTATION_CONTEXT('2D SPACE',''
  ) );
#1859 = ADVANCED_FACE('',(#1860),#1767,.T.);
#1860 = FACE_BOUND('',#1861,.T.);
#1861 = EDGE_LOOP('',(#1862,#1863,#1890,#1912,#1941,#1969,#1996,#2023));
#1862 = ORIENTED_EDGE('',*,*,#1750,.T.);
#1863 = ORIENTED_EDGE('',*,*,#1864,.T.);
#1864 = EDGE_CURVE('',#1717,#1717,#1865,.T.);
#1865 = SURFACE_CURVE('',#1866,(#1871,#1878),.PCURVE_S1.);
#1866 = CIRCLE('',#1867,0.31288520609);
#1867 = AXIS2_PLACEMENT_3D('',#1868,#1869,#1870);
#1868 = CARTESIAN_POINT('',(22.881958300656,-8.003543772404,
    19.441505021582));
#1869 = DIRECTION('',(0.891006169878,-1.79330677388E-03,0.453987653235)
  );
#1870 = DIRECTION('',(-0.453988383237,1.002489009755E-19,0.891007602597)
  );
#1871 = PCURVE('',#1767,#1872);
#1872 = DEFINITIONAL_REPRESENTATION('',(#1873),#1877);
#1873 = LINE('',#1874,#1875);
#1874 = CARTESIAN_POINT('',(6.283185430159,-9.121945710297));
#1875 = VECTOR('',#1876,1.);
#1876 = DIRECTION('',(1.855237512257E-07,1.));
#1877 = ( GEOMETRIC_REPRESENTATION_CONTEXT(2) 
PARAMETRIC_REPRESENTATION_CONTEXT() REPRESENTATION_CONTEXT('2D SPACE',''
  ) );
#1878 = PCURVE('',#1879,#1884);
#1879 = PLANE('',#1880);
#1880 = AXIS2_PLACEMENT_3D('',#1881,#1882,#1883);
#1881 = CARTESIAN_POINT('',(26.042793504489,-5.241570662605E-02,
    13.269388143956));
#1882 = DIRECTION('',(0.891006169878,-1.79330677388E-03,0.453987653235)
  );
#1883 = DIRECTION('',(-0.453988383237,1.002489009755E-19,0.891007602597)
  );
#1884 = DEFINITIONAL_REPRESENTATION('',(#1885),#1889);
#1885 = CIRCLE('',#1886,0.31288520609);
#1886 = AXIS2_PLACEMENT_2D('',#1887,#1888);
#1887 = CARTESIAN_POINT('',(6.934385525949,7.95114085102));
#1888 = DIRECTION('',(1.,3.684538889546E-20));
#1889 = ( GEOMETRIC_REPRESENTATION_CONTEXT(2) 
PARAMETRIC_REPRESENTATION_CONTEXT() REPRESENTATION_CONTEXT('2D SPACE',''
  ) );
#1890 = ORIENTED_EDGE('',*,*,#1891,.T.);
#1891 = EDGE_CURVE('',#1717,#1717,#1892,.T.);
#1892 = SURFACE_CURVE('',#1893,(#1898,#1905),.PCURVE_S1.);
#1893 = CIRCLE('',#1894,0.366698192709);
#1894 = AXIS2_PLACEMENT_3D('',#1895,#1896,#1897);
#1895 = CARTESIAN_POINT('',(23.054654719111,-8.190357733666,
    18.85082804665));
#1896 = DIRECTION('',(0.983048302555,-9.681957481454E-02,0.155698441791)
  );
#1897 = DIRECTION('',(-0.156433373739,-1.149551869396E-18,0.98768851344)
  );
#1898 = PCURVE('',#1767,#1899);
#1899 = DEFINITIONAL_REPRESENTATION('',(#1900),#1904);
#1900 = LINE('',#1901,#1902);
#1901 = CARTESIAN_POINT('',(3.890850755468,-1.821507396345));
#1902 = VECTOR('',#1903,1.);
#1903 = DIRECTION('',(0.85706312532,-0.515211412156));
#1904 = ( GEOMETRIC_REPRESENTATION_CONTEXT(2) 
PARAMETRIC_REPRESENTATION_CONTEXT() REPRESENTATION_CONTEXT('2D SPACE',''
  ) );
#1905 = PCURVE('',#1738,#1906);
#1906 = DEFINITIONAL_REPRESENTATION('',(#1907),#1911);
#1907 = CIRCLE('',#1908,0.366698192709);
#1908 = AXIS2_PLACEMENT_2D('',#1909,#1910);
#1909 = CARTESIAN_POINT('',(15.012228912396,5.66170702211));
#1910 = DIRECTION('',(1.,5.759553629781E-19));
#1911 = ( GEOMETRIC_REPRESENTATION_CONTEXT(2) 
PARAMETRIC_REPRESENTATION_CONTEXT() REPRESENTATION_CONTEXT('2D SPACE',''
  ) );
#1912 = ORIENTED_EDGE('',*,*,#1913,.F.);
#1913 = EDGE_CURVE('',#1914,#1717,#1916,.T.);
#1914 = VERTEX_POINT('',#1915);
#1915 = CARTESIAN_POINT('',(22.536100387573,-8.,19.958923339844));
#1916 = SURFACE_CURVE('',#1917,(#1922,#1929),.PCURVE_S1.);
#1917 = CIRCLE('',#1918,0.156914975778);
#1918 = AXIS2_PLACEMENT_3D('',#1919,#1920,#1921);
#1919 = CARTESIAN_POINT('',(22.638005177799,-8.000001323273,
    19.83960942523));
#1920 = DIRECTION('',(0.760402565695,0.,0.649452029087));
#1921 = DIRECTION('',(-0.649452029087,0.,0.760402565695));
#1922 = PCURVE('',#1767,#1923);
#1923 = DEFINITIONAL_REPRESENTATION('',(#1924),#1928);
#1924 = LINE('',#1925,#1926);
#1925 = CARTESIAN_POINT('',(6.283184371562,0.785410274884));
#1926 = VECTOR('',#1927,1.);
#1927 = DIRECTION('',(7.49619522998E-07,-1.));
#1928 = ( GEOMETRIC_REPRESENTATION_CONTEXT(2) 
PARAMETRIC_REPRESENTATION_CONTEXT() REPRESENTATION_CONTEXT('2D SPACE',''
  ) );
#1929 = PCURVE('',#1930,#1935);
#1930 = PLANE('',#1931);
#1931 = AXIS2_PLACEMENT_3D('',#1932,#1933,#1934);
#1932 = CARTESIAN_POINT('',(22.887259354098,0.,19.547773374715));
#1933 = DIRECTION('',(0.760402565695,0.,0.649452029087));
#1934 = DIRECTION('',(-0.649452029087,0.,0.760402565695));
#1935 = DEFINITIONAL_REPRESENTATION('',(#1936),#1940);
#1936 = CIRCLE('',#1937,0.156914975778);
#1937 = AXIS2_PLACEMENT_2D('',#1938,#1939);
#1938 = CARTESIAN_POINT('',(0.38379151213,8.000001323273));
#1939 = DIRECTION('',(1.,0.));
#1940 = ( GEOMETRIC_REPRESENTATION_CONTEXT(2) 
PARAMETRIC_REPRESENTATION_CONTEXT() REPRESENTATION_CONTEXT('2D SPACE',''
  ) );
#1941 = ORIENTED_EDGE('',*,*,#1942,.T.);
#1942 = EDGE_CURVE('',#1914,#1943,#1945,.T.);
#1943 = VERTEX_POINT('',#1944);
#1944 = CARTESIAN_POINT('',(21.924637029212,-8.000713544785,
    20.352237716267));
#1945 = SURFACE_CURVE('',#1946,(#1950,#1957),.PCURVE_S1.);
#1946 = LINE('',#1947,#1948);
#1947 = CARTESIAN_POINT('',(22.536100387573,-8.,19.958923339844));
#1948 = VECTOR('',#1949,1.);
#1949 = DIRECTION('',(-0.760403003624,0.,0.649451516343));
#1950 = PCURVE('',#1767,#1951);
#1951 = DEFINITIONAL_REPRESENTATION('',(#1952),#1956);
#1952 = LINE('',#1953,#1954);
#1953 = CARTESIAN_POINT('',(6.283186242876,0.785398803917));
#1954 = VECTOR('',#1955,1.);
#1955 = DIRECTION('',(1.209243268324E-06,0.999999999999));
#1956 = ( GEOMETRIC_REPRESENTATION_CONTEXT(2) 
PARAMETRIC_REPRESENTATION_CONTEXT() REPRESENTATION_CONTEXT('2D SPACE',''
  ) );
#1957 = PCURVE('',#1958,#1963);
#1958 = PLANE('',#1959);
#1959 = AXIS2_PLACEMENT_3D('',#1960,#1961,#1962);
#1960 = CARTESIAN_POINT('',(19.355354091972,3.823993268602E-02,
    22.661998651756));
#1961 = DIRECTION('',(0.649450981727,1.283105527602E-03,0.760402377675)
  );
#1962 = DIRECTION('',(0.760403003624,1.148119696103E-19,-0.649451516343)
  );
#1963 = DEFINITIONAL_REPRESENTATION('',(#1964),#1968);
#1964 = LINE('',#1965,#1966);
#1965 = CARTESIAN_POINT('',(4.17416539705,-8.038246549612));
#1966 = VECTOR('',#1967,1.);
#1967 = DIRECTION('',(-1.,2.744447273336E-19));
#1968 = ( GEOMETRIC_REPRESENTATION_CONTEXT(2) 
PARAMETRIC_REPRESENTATION_CONTEXT() REPRESENTATION_CONTEXT('2D SPACE',''
  ) );
#1969 = ORIENTED_EDGE('',*,*,#1970,.T.);
#1970 = EDGE_CURVE('',#1943,#1943,#1971,.T.);
#1971 = SURFACE_CURVE('',#1972,(#1977,#1984),.PCURVE_S1.);
#1972 = CIRCLE('',#1973,0.366697246791);
#1973 = AXIS2_PLACEMENT_3D('',#1974,#1975,#1976);
#1974 = CARTESIAN_POINT('',(21.428009345943,-8.190361689308,
    20.477475263153));
#1975 = DIRECTION('',(0.15569966881,-9.682157805535E-02,0.983047910916)
  );
#1976 = DIRECTION('',(-0.987688313331,-1.021943696678E-18,0.156434637178
    ));
#1977 = PCURVE('',#1767,#1978);
#1978 = DEFINITIONAL_REPRESENTATION('',(#1979),#1983);
#1979 = LINE('',#1980,#1981);
#1980 = CARTESIAN_POINT('',(4.173869829767,1.544227433674));
#1981 = VECTOR('',#1982,1.);
#1982 = DIRECTION('',(0.953724250025,-0.300682648176));
#1983 = ( GEOMETRIC_REPRESENTATION_CONTEXT(2) 
PARAMETRIC_REPRESENTATION_CONTEXT() REPRESENTATION_CONTEXT('2D SPACE',''
  ) );
#1984 = PCURVE('',#1985,#1990);
#1985 = PLANE('',#1986);
#1986 = AXIS2_PLACEMENT_3D('',#1987,#1988,#1989);
#1987 = CARTESIAN_POINT('',(3.777223671257,-2.348860208344,
    23.848424774953));
#1988 = DIRECTION('',(0.15569966881,-9.682157805535E-02,0.983047910916)
  );
#1989 = DIRECTION('',(0.987688313331,1.021943696678E-18,-0.156434637178)
  );
#1990 = DEFINITIONAL_REPRESENTATION('',(#1991),#1995);
#1991 = CIRCLE('',#1992,0.366697246791);
#1992 = AXIS2_PLACEMENT_2D('',#1993,#1994);
#1993 = CARTESIAN_POINT('',(17.960807995825,-5.869075841564));
#1994 = DIRECTION('',(-1.,1.894065461414E-18));
#1995 = ( GEOMETRIC_REPRESENTATION_CONTEXT(2) 
PARAMETRIC_REPRESENTATION_CONTEXT() REPRESENTATION_CONTEXT('2D SPACE',''
  ) );
#1996 = ORIENTED_EDGE('',*,*,#1997,.T.);
#1997 = EDGE_CURVE('',#1943,#1943,#1998,.T.);
#1998 = SURFACE_CURVE('',#1999,(#2004,#2011),.PCURVE_S1.);
#1999 = CIRCLE('',#2000,0.312927174652);
#2000 = AXIS2_PLACEMENT_3D('',#2001,#2002,#2003);
#2001 = CARTESIAN_POINT('',(22.01867562547,-8.006078380921,
    20.304769260042));
#2002 = DIRECTION('',(0.453985001878,-3.076421119778E-03,0.891004014415)
  );
#2003 = DIRECTION('',(-0.891008230839,5.201406822628E-20,0.453987150233)
  );
#2004 = PCURVE('',#1767,#2005);
#2005 = DEFINITIONAL_REPRESENTATION('',(#2006),#2010);
#2006 = LINE('',#2007,#2008);
#2007 = CARTESIAN_POINT('',(6.28317292707,-2.218535942547));
#2008 = VECTOR('',#2009,1.);
#2009 = DIRECTION('',(4.234761877293E-06,0.999999999991));
#2010 = ( GEOMETRIC_REPRESENTATION_CONTEXT(2) 
PARAMETRIC_REPRESENTATION_CONTEXT() REPRESENTATION_CONTEXT('2D SPACE',''
  ) );
#2011 = PCURVE('',#2012,#2017);
#2012 = PLANE('',#2013);
#2013 = AXIS2_PLACEMENT_3D('',#2014,#2015,#2016);
#2014 = CARTESIAN_POINT('',(12.762612273406,-8.648561027135E-02,
    25.048269707123));
#2015 = DIRECTION('',(0.453985001878,-3.076421119778E-03,0.891004014415)
  );
#2016 = DIRECTION('',(0.891008230839,-5.201406822628E-20,-0.453987150233
    ));
#2017 = DEFINITIONAL_REPRESENTATION('',(#2018),#2022);
#2018 = CIRCLE('',#2019,0.312927174652);
#2019 = AXIS2_PLACEMENT_2D('',#2020,#2021);
#2020 = CARTESIAN_POINT('',(10.400716881957,-7.919630247881));
#2021 = DIRECTION('',(-1.,-2.701633430656E-19));
#2022 = ( GEOMETRIC_REPRESENTATION_CONTEXT(2) 
PARAMETRIC_REPRESENTATION_CONTEXT() REPRESENTATION_CONTEXT('2D SPACE',''
  ) );
#2023 = ORIENTED_EDGE('',*,*,#2024,.F.);
#2024 = EDGE_CURVE('',#1751,#1943,#2025,.T.);
#2025 = SURFACE_CURVE('',#2026,(#2031,#2038),.PCURVE_S1.);
#2026 = CIRCLE('',#2027,1.999998551898);
#2027 = AXIS2_PLACEMENT_3D('',#2028,#2029,#2030);
#2028 = CARTESIAN_POINT('',(21.121889093191,-8.000001323273,
    18.544710233801));
#2029 = DIRECTION('',(-0.999999999999,9.430807592582E-07,
    -7.739670861819E-07));
#2030 = DIRECTION('',(-9.430807592585E-07,-1.,-4.86244738096E-29));
#2031 = PCURVE('',#1767,#2032);
#2032 = DEFINITIONAL_REPRESENTATION('',(#2033),#2037);
#2033 = LINE('',#2034,#2035);
#2034 = CARTESIAN_POINT('',(4.712388037304,3.14159265359));
#2035 = VECTOR('',#2036,1.);
#2036 = DIRECTION('',(-2.83096013437E-06,0.999999999996));
#2037 = ( GEOMETRIC_REPRESENTATION_CONTEXT(2) 
PARAMETRIC_REPRESENTATION_CONTEXT() REPRESENTATION_CONTEXT('2D SPACE',''
  ) );
#2038 = PCURVE('',#2039,#2044);
#2039 = CYLINDRICAL_SURFACE('',#2040,1.999999880039);
#2040 = AXIS2_PLACEMENT_3D('',#2041,#2042,#2043);
#2041 = CARTESIAN_POINT('',(0.,-8.000000396114,18.544709383091));
#2042 = DIRECTION('',(1.,-0.,-0.));
#2043 = DIRECTION('',(0.,0.,1.));
#2044 = DEFINITIONAL_REPRESENTATION('',(#2045),#2049);
#2045 = LINE('',#2046,#2047);
#2046 = CARTESIAN_POINT('',(7.853981208619,21.121887207031));
#2047 = VECTOR('',#2048,1.);
#2048 = DIRECTION('',(-1.,-4.471759876467E-13));
#2049 = ( GEOMETRIC_REPRESENTATION_CONTEXT(2) 
PARAMETRIC_REPRESENTATION_CONTEXT() REPRESENTATION_CONTEXT('2D SPACE',''
  ) );
#2050 = ADVANCED_FACE('',(#2051,#2076),#2039,.T.);
#2051 = FACE_BOUND('',#2052,.T.);
#2052 = EDGE_LOOP('',(#2053,#2054));
#2053 = ORIENTED_EDGE('',*,*,#2024,.T.);
#2054 = ORIENTED_EDGE('',*,*,#2055,.T.);
#2055 = EDGE_CURVE('',#1943,#1751,#2056,.T.);
#2056 = SURFACE_CURVE('',#2057,(#2062,#2069),.PCURVE_S1.);
#2057 = ELLIPSE('',#2058,12.845241710084,1.999999880039);
#2058 = AXIS2_PLACEMENT_3D('',#2059,#2060,#2061);
#2059 = CARTESIAN_POINT('',(33.749374934962,-8.000000396114,
    18.544709383091));
#2060 = DIRECTION('',(0.15569966881,-9.682157805535E-02,0.983047910916)
  );
#2061 = DIRECTION('',(0.987804440733,1.526120658624E-02,-0.154949935272)
  );
#2062 = PCURVE('',#2039,#2063);
#2063 = DEFINITIONAL_REPRESENTATION('',(#2064),#2068);
#2064 = LINE('',#2065,#2066);
#2065 = CARTESIAN_POINT('',(9.719302198617,21.121888052364));
#2066 = VECTOR('',#2067,1.);
#2067 = DIRECTION('',(-1.,-2.573575952737E-07));
#2068 = ( GEOMETRIC_REPRESENTATION_CONTEXT(2) 
PARAMETRIC_REPRESENTATION_CONTEXT() REPRESENTATION_CONTEXT('2D SPACE',''
  ) );
#2069 = PCURVE('',#1985,#2070);
#2070 = DEFINITIONAL_REPRESENTATION('',(#2071),#2075);
#2071 = ELLIPSE('',#2072,12.845241710084,1.999999880039);
#2072 = AXIS2_PLACEMENT_2D('',#2073,#2074);
#2073 = CARTESIAN_POINT('',(30.432828321577,-5.677815962457));
#2074 = DIRECTION('',(0.999882438874,1.533324594375E-02));
#2075 = ( GEOMETRIC_REPRESENTATION_CONTEXT(2) 
PARAMETRIC_REPRESENTATION_CONTEXT() REPRESENTATION_CONTEXT('2D SPACE',''
  ) );
#2076 = FACE_BOUND('',#2077,.T.);
#2077 = EDGE_LOOP('',(#2078,#2103,#2125,#2148));
#2078 = ORIENTED_EDGE('',*,*,#2079,.F.);
#2079 = EDGE_CURVE('',#2080,#2082,#2084,.T.);
#2080 = VERTEX_POINT('',#2081);
#2081 = CARTESIAN_POINT('',(15.121888160706,-10.,18.544710159302));
#2082 = VERTEX_POINT('',#2083);
#2083 = CARTESIAN_POINT('',(21.121887207031,-10.,18.544710159302));
#2084 = SURFACE_CURVE('',#2085,(#2089,#2096),.PCURVE_S1.);
#2085 = LINE('',#2086,#2087);
#2086 = CARTESIAN_POINT('',(15.121888160706,-10.00000027615,
    18.544709383091));
#2087 = VECTOR('',#2088,1.);
#2088 = DIRECTION('',(1.,-0.,-0.));
#2089 = PCURVE('',#2039,#2090);
#2090 = DEFINITIONAL_REPRESENTATION('',(#2091),#2095);
#2091 = LINE('',#2092,#2093);
#2092 = CARTESIAN_POINT('',(1.570796326795,15.121888160706));
#2093 = VECTOR('',#2094,1.);
#2094 = DIRECTION('',(0.,1.));
#2095 = ( GEOMETRIC_REPRESENTATION_CONTEXT(2) 
PARAMETRIC_REPRESENTATION_CONTEXT() REPRESENTATION_CONTEXT('2D SPACE',''
  ) );
#2096 = PCURVE('',#1795,#2097);
#2097 = DEFINITIONAL_REPRESENTATION('',(#2098),#2102);
#2098 = LINE('',#2099,#2100);
#2099 = CARTESIAN_POINT('',(-18.54470938309,15.121888160706));
#2100 = VECTOR('',#2101,1.);
#2101 = DIRECTION('',(0.,1.));
#2102 = ( GEOMETRIC_REPRESENTATION_CONTEXT(2) 
PARAMETRIC_REPRESENTATION_CONTEXT() REPRESENTATION_CONTEXT('2D SPACE',''
  ) );
#2103 = ORIENTED_EDGE('',*,*,#2104,.T.);
#2104 = EDGE_CURVE('',#2080,#58,#2105,.T.);
#2105 = SURFACE_CURVE('',#2106,(#2111,#2118),.PCURVE_S1.);
#2106 = CIRCLE('',#2107,1.999999137427);
#2107 = AXIS2_PLACEMENT_3D('',#2108,#2109,#2110);
#2108 = CARTESIAN_POINT('',(15.121887035912,-8.000000859934,
    18.544709545854));
#2109 = DIRECTION('',(-1.,-5.623969645874E-07,5.623969645874E-07));
#2110 = DIRECTION('',(-5.623969645874E-07,-2.933364046266E-30,-1.));
#2111 = PCURVE('',#2039,#2112);
#2112 = DEFINITIONAL_REPRESENTATION('',(#2113),#2117);
#2113 = LINE('',#2114,#2115);
#2114 = CARTESIAN_POINT('',(3.141592572209,15.121888160706));
#2115 = VECTOR('',#2116,1.);
#2116 = DIRECTION('',(-1.,-5.269826349811E-13));
#2117 = ( GEOMETRIC_REPRESENTATION_CONTEXT(2) 
PARAMETRIC_REPRESENTATION_CONTEXT() REPRESENTATION_CONTEXT('2D SPACE',''
  ) );
#2118 = PCURVE('',#102,#2119);
#2119 = DEFINITIONAL_REPRESENTATION('',(#2120),#2124);
#2120 = LINE('',#2121,#2122);
#2121 = CARTESIAN_POINT('',(3.429437873357,-0.906331353208));
#2122 = VECTOR('',#2123,1.);
#2123 = DIRECTION('',(0.816752240263,0.576988542369));
#2124 = ( GEOMETRIC_REPRESENTATION_CONTEXT(2) 
PARAMETRIC_REPRESENTATION_CONTEXT() REPRESENTATION_CONTEXT('2D SPACE',''
  ) );
#2125 = ORIENTED_EDGE('',*,*,#2126,.T.);
#2126 = EDGE_CURVE('',#58,#2127,#2129,.T.);
#2127 = VERTEX_POINT('',#2128);
#2128 = CARTESIAN_POINT('',(21.924637029212,-8.000713544785,
    20.352237716267));
#2129 = SURFACE_CURVE('',#2130,(#2134,#2141),.PCURVE_S1.);
#2130 = LINE('',#2131,#2132);
#2131 = CARTESIAN_POINT('',(15.121888160706,-8.000000396114,
    20.54470926313));
#2132 = VECTOR('',#2133,1.);
#2133 = DIRECTION('',(1.,-0.,-0.));
#2134 = PCURVE('',#2039,#2135);
#2135 = DEFINITIONAL_REPRESENTATION('',(#2136),#2140);
#2136 = LINE('',#2137,#2138);
#2137 = CARTESIAN_POINT('',(0.,15.121888160706));
#2138 = VECTOR('',#2139,1.);
#2139 = DIRECTION('',(0.,1.));
#2140 = ( GEOMETRIC_REPRESENTATION_CONTEXT(2) 
PARAMETRIC_REPRESENTATION_CONTEXT() REPRESENTATION_CONTEXT('2D SPACE',''
  ) );
#2141 = PCURVE('',#73,#2142);
#2142 = DEFINITIONAL_REPRESENTATION('',(#2143),#2147);
#2143 = LINE('',#2144,#2145);
#2144 = CARTESIAN_POINT('',(15.121888160706,-8.000000396114));
#2145 = VECTOR('',#2146,1.);
#2146 = DIRECTION('',(1.,-0.));
#2147 = ( GEOMETRIC_REPRESENTATION_CONTEXT(2) 
PARAMETRIC_REPRESENTATION_CONTEXT() REPRESENTATION_CONTEXT('2D SPACE',''
  ) );
#2148 = ORIENTED_EDGE('',*,*,#2149,.F.);
#2149 = EDGE_CURVE('',#2082,#1943,#2150,.T.);
#2150 = SURFACE_CURVE('',#2151,(#2156,#2163),.PCURVE_S1.);
#2151 = ELLIPSE('',#2152,12.845241710084,1.999999880039);
#2152 = AXIS2_PLACEMENT_3D('',#2153,#2154,#2155);
#2153 = CARTESIAN_POINT('',(33.749374934962,-8.000000396114,
    18.544709383091));
#2154 = DIRECTION('',(0.15569966881,-9.682157805535E-02,0.983047910916)
  );
#2155 = DIRECTION('',(0.987804440733,1.526120658624E-02,-0.154949935272)
  );
#2156 = PCURVE('',#2039,#2157);
#2157 = DEFINITIONAL_REPRESENTATION('',(#2158),#2162);
#2158 = LINE('',#2159,#2160);
#2159 = CARTESIAN_POINT('',(3.436116891438,21.121886435339));
#2160 = VECTOR('',#2161,1.);
#2161 = DIRECTION('',(-1.,-2.573575952737E-07));
#2162 = ( GEOMETRIC_REPRESENTATION_CONTEXT(2) 
PARAMETRIC_REPRESENTATION_CONTEXT() REPRESENTATION_CONTEXT('2D SPACE',''
  ) );
#2163 = PCURVE('',#1985,#2164);
#2164 = DEFINITIONAL_REPRESENTATION('',(#2165),#2169);
#2165 = ELLIPSE('',#2166,12.845241710084,1.999999880039);
#2166 = AXIS2_PLACEMENT_2D('',#2167,#2168);
#2167 = CARTESIAN_POINT('',(30.432828321577,-5.677815962457));
#2168 = DIRECTION('',(0.999882438874,1.533324594375E-02));
#2169 = ( GEOMETRIC_REPRESENTATION_CONTEXT(2) 
PARAMETRIC_REPRESENTATION_CONTEXT() REPRESENTATION_CONTEXT('2D SPACE',''
  ) );
#2170 = ADVANCED_FACE('',(#2171),#1822,.T.);
#2171 = FACE_BOUND('',#2172,.T.);
#2172 = EDGE_LOOP('',(#2173,#2202,#2224,#2246,#2277,#2301,#2325,#2349,
    #2385,#2407));
#2173 = ORIENTED_EDGE('',*,*,#2174,.F.);
#2174 = EDGE_CURVE('',#2175,#1360,#2177,.T.);
#2175 = VERTEX_POINT('',#2176);
#2176 = CARTESIAN_POINT('',(22.392804026398,-7.965341393273,
    11.525724207469));
#2177 = SURFACE_CURVE('',#2178,(#2183,#2190),.PCURVE_S1.);
#2178 = CIRCLE('',#2179,0.366698572785);
#2179 = AXIS2_PLACEMENT_3D('',#2180,#2181,#2182);
#2180 = CARTESIAN_POINT('',(22.010283595751,-8.190365665324,
    10.801136981366));
#2181 = DIRECTION('',(0.451857729092,-9.682381699214E-02,-0.886820016194
    ));
#2182 = DIRECTION('',(0.891006377179,-4.138941151229E-18,0.453990788262)
  );
#2183 = PCURVE('',#1822,#2184);
#2184 = DEFINITIONAL_REPRESENTATION('',(#2185),#2189);
#2185 = LINE('',#2186,#2187);
#2186 = CARTESIAN_POINT('',(-3.147443361674,2.161654502742));
#2187 = VECTOR('',#2188,1.);
#2188 = DIRECTION('',(0.996157990038,-8.757430492751E-02));
#2189 = ( GEOMETRIC_REPRESENTATION_CONTEXT(2) 
PARAMETRIC_REPRESENTATION_CONTEXT() REPRESENTATION_CONTEXT('2D SPACE',''
  ) );
#2190 = PCURVE('',#2191,#2196);
#2191 = PLANE('',#2192);
#2192 = AXIS2_PLACEMENT_3D('',#2193,#2194,#2195);
#2193 = CARTESIAN_POINT('',(0.524098373186,-0.112303501089,
    -1.02860014972));
#2194 = DIRECTION('',(0.451857729092,-9.682381699214E-02,-0.886820016194
    ));
#2195 = DIRECTION('',(-0.891006377179,4.138941151229E-18,-0.453990788262
    ));
#2196 = DEFINITIONAL_REPRESENTATION('',(#2197),#2201);
#2197 = CIRCLE('',#2198,0.366698572785);
#2198 = AXIS2_PLACEMENT_2D('',#2199,#2200);
#2199 = CARTESIAN_POINT('',(-24.51491973962,-8.116195814419));
#2200 = DIRECTION('',(-1.,-1.102127181809E-17));
#2201 = ( GEOMETRIC_REPRESENTATION_CONTEXT(2) 
PARAMETRIC_REPRESENTATION_CONTEXT() REPRESENTATION_CONTEXT('2D SPACE',''
  ) );
#2202 = ORIENTED_EDGE('',*,*,#2203,.F.);
#2203 = EDGE_CURVE('',#2175,#1360,#2204,.T.);
#2204 = SURFACE_CURVE('',#2205,(#2210,#2217),.PCURVE_S1.);
#2205 = CIRCLE('',#2206,0.366698572785);
#2206 = AXIS2_PLACEMENT_3D('',#2207,#2208,#2209);
#2207 = CARTESIAN_POINT('',(22.010283595751,-8.190365665324,
    10.801136981366));
#2208 = DIRECTION('',(0.451857729092,-9.682381699214E-02,-0.886820016194
    ));
#2209 = DIRECTION('',(0.891006377179,-4.138941151229E-18,0.453990788262)
  );
#2210 = PCURVE('',#1822,#2211);
#2211 = DEFINITIONAL_REPRESENTATION('',(#2212),#2216);
#2212 = LINE('',#2213,#2214);
#2213 = CARTESIAN_POINT('',(-3.147443361674,2.161654502742));
#2214 = VECTOR('',#2215,1.);
#2215 = DIRECTION('',(0.996157990038,-8.757430492751E-02));
#2216 = ( GEOMETRIC_REPRESENTATION_CONTEXT(2) 
PARAMETRIC_REPRESENTATION_CONTEXT() REPRESENTATION_CONTEXT('2D SPACE',''
  ) );
#2217 = PCURVE('',#2191,#2218);
#2218 = DEFINITIONAL_REPRESENTATION('',(#2219),#2223);
#2219 = CIRCLE('',#2220,0.366698572785);
#2220 = AXIS2_PLACEMENT_2D('',#2221,#2222);
#2221 = CARTESIAN_POINT('',(-24.51491973962,-8.116195814419));
#2222 = DIRECTION('',(-1.,-1.102127181809E-17));
#2223 = ( GEOMETRIC_REPRESENTATION_CONTEXT(2) 
PARAMETRIC_REPRESENTATION_CONTEXT() REPRESENTATION_CONTEXT('2D SPACE',''
  ) );
#2224 = ORIENTED_EDGE('',*,*,#2225,.F.);
#2225 = EDGE_CURVE('',#1360,#1360,#2226,.T.);
#2226 = SURFACE_CURVE('',#2227,(#2232,#2239),.PCURVE_S1.);
#2227 = CIRCLE('',#2228,0.366695387054);
#2228 = AXIS2_PLACEMENT_3D('',#2229,#2230,#2231);
#2229 = CARTESIAN_POINT('',(22.865463026157,-8.190362576706,
    11.656316676017));
#2230 = DIRECTION('',(0.886820932293,-9.682221679109E-02,-0.451856274032
    ));
#2231 = DIRECTION('',(0.453989255328,7.558157258463E-19,0.891007158247)
  );
#2232 = PCURVE('',#1822,#2233);
#2233 = DEFINITIONAL_REPRESENTATION('',(#2234),#2238);
#2234 = LINE('',#2235,#2236);
#2235 = CARTESIAN_POINT('',(-2.826127118669,2.637403800077));
#2236 = VECTOR('',#2237,1.);
#2237 = DIRECTION('',(0.999036850476,-4.387905411849E-02));
#2238 = ( GEOMETRIC_REPRESENTATION_CONTEXT(2) 
PARAMETRIC_REPRESENTATION_CONTEXT() REPRESENTATION_CONTEXT('2D SPACE',''
  ) );
#2239 = PCURVE('',#1398,#2240);
#2240 = DEFINITIONAL_REPRESENTATION('',(#2241),#2245);
#2241 = CIRCLE('',#2242,0.366695387054);
#2242 = AXIS2_PLACEMENT_2D('',#2243,#2244);
#2243 = CARTESIAN_POINT('',(20.766536129095,6.691662435596));
#2244 = DIRECTION('',(1.,3.511241893122E-18));
#2245 = ( GEOMETRIC_REPRESENTATION_CONTEXT(2) 
PARAMETRIC_REPRESENTATION_CONTEXT() REPRESENTATION_CONTEXT('2D SPACE',''
  ) );
#2246 = ORIENTED_EDGE('',*,*,#2247,.F.);
#2247 = EDGE_CURVE('',#2248,#2250,#2252,.T.);
#2248 = VERTEX_POINT('',#2249);
#2249 = CARTESIAN_POINT('',(22.735082592199,-8.,11.530711712834));
#2250 = VERTEX_POINT('',#2251);
#2251 = CARTESIAN_POINT('',(23.121887207031,-7.998700559491,
    12.544710159302));
#2252 = SURFACE_CURVE('',#2253,(#2258,#2265),.PCURVE_S1.);
#2253 = CIRCLE('',#2254,0.312872397074);
#2254 = AXIS2_PLACEMENT_3D('',#2255,#2256,#2257);
#2255 = CARTESIAN_POINT('',(23.072943597549,-8.000000859664,
    12.23569241036));
#2256 = DIRECTION('',(0.987688337501,0.,-0.156434484578));
#2257 = DIRECTION('',(0.156434484578,0.,0.987688337501));
#2258 = PCURVE('',#1822,#2259);
#2259 = DEFINITIONAL_REPRESENTATION('',(#2260),#2264);
#2260 = LINE('',#2261,#2262);
#2261 = CARTESIAN_POINT('',(6.731783885883E-07,-3.455756506664));
#2262 = VECTOR('',#2263,1.);
#2263 = DIRECTION('',(-7.0416486546E-08,1.));
#2264 = ( GEOMETRIC_REPRESENTATION_CONTEXT(2) 
PARAMETRIC_REPRESENTATION_CONTEXT() REPRESENTATION_CONTEXT('2D SPACE',''
  ) );
#2265 = PCURVE('',#2266,#2271);
#2266 = PLANE('',#2267);
#2267 = AXIS2_PLACEMENT_3D('',#2268,#2269,#2270);
#2268 = CARTESIAN_POINT('',(20.617789660448,0.,-3.265537494179));
#2269 = DIRECTION('',(0.987688337501,0.,-0.156434484578));
#2270 = DIRECTION('',(0.156434484578,0.,0.987688337501));
#2271 = DEFINITIONAL_REPRESENTATION('',(#2272),#2276);
#2272 = CIRCLE('',#2273,0.312872397074);
#2273 = AXIS2_PLACEMENT_2D('',#2274,#2275);
#2274 = CARTESIAN_POINT('',(15.69445473434,8.000000859664));
#2275 = DIRECTION('',(1.,0.));
#2276 = ( GEOMETRIC_REPRESENTATION_CONTEXT(2) 
PARAMETRIC_REPRESENTATION_CONTEXT() REPRESENTATION_CONTEXT('2D SPACE',''
  ) );
#2277 = ORIENTED_EDGE('',*,*,#2278,.F.);
#2278 = EDGE_CURVE('',#2175,#2279,#2281,.T.);
#2279 = VERTEX_POINT('',#2280);
#2280 = CARTESIAN_POINT('',(23.121887207031,-7.998700559491,
    12.544710159302));
#2281 = SURFACE_CURVE('',#2282,(#2287,#2294),.PCURVE_S1.);
#2282 = CIRCLE('',#2283,0.312872397074);
#2283 = AXIS2_PLACEMENT_3D('',#2284,#2285,#2286);
#2284 = CARTESIAN_POINT('',(23.072943597549,-8.000000859664,
    12.23569241036));
#2285 = DIRECTION('',(0.987688337501,0.,-0.156434484578));
#2286 = DIRECTION('',(0.156434484578,0.,0.987688337501));
#2287 = PCURVE('',#1822,#2288);
#2288 = DEFINITIONAL_REPRESENTATION('',(#2289),#2293);
#2289 = LINE('',#2290,#2291);
#2290 = CARTESIAN_POINT('',(6.731783885883E-07,-3.455756506664));
#2291 = VECTOR('',#2292,1.);
#2292 = DIRECTION('',(-7.0416486546E-08,1.));
#2293 = ( GEOMETRIC_REPRESENTATION_CONTEXT(2) 
PARAMETRIC_REPRESENTATION_CONTEXT() REPRESENTATION_CONTEXT('2D SPACE',''
  ) );
#2294 = PCURVE('',#2266,#2295);
#2295 = DEFINITIONAL_REPRESENTATION('',(#2296),#2300);
#2296 = CIRCLE('',#2297,0.312872397074);
#2297 = AXIS2_PLACEMENT_2D('',#2298,#2299);
#2298 = CARTESIAN_POINT('',(15.69445473434,8.000000859664));
#2299 = DIRECTION('',(1.,0.));
#2300 = ( GEOMETRIC_REPRESENTATION_CONTEXT(2) 
PARAMETRIC_REPRESENTATION_CONTEXT() REPRESENTATION_CONTEXT('2D SPACE',''
  ) );
#2301 = ORIENTED_EDGE('',*,*,#2302,.F.);
#2302 = EDGE_CURVE('',#2303,#2175,#2305,.T.);
#2303 = VERTEX_POINT('',#2304);
#2304 = CARTESIAN_POINT('',(23.025053938377,-7.935408985334,
    11.933329040942));
#2305 = SURFACE_CURVE('',#2306,(#2311,#2318),.PCURVE_S1.);
#2306 = CIRCLE('',#2307,0.312872397074);
#2307 = AXIS2_PLACEMENT_3D('',#2308,#2309,#2310);
#2308 = CARTESIAN_POINT('',(23.072943597549,-8.000000859664,
    12.23569241036));
#2309 = DIRECTION('',(0.987688337501,0.,-0.156434484578));
#2310 = DIRECTION('',(0.156434484578,0.,0.987688337501));
#2311 = PCURVE('',#1822,#2312);
#2312 = DEFINITIONAL_REPRESENTATION('',(#2313),#2317);
#2313 = LINE('',#2314,#2315);
#2314 = CARTESIAN_POINT('',(6.731783885883E-07,-3.455756506664));
#2315 = VECTOR('',#2316,1.);
#2316 = DIRECTION('',(-7.0416486546E-08,1.));
#2317 = ( GEOMETRIC_REPRESENTATION_CONTEXT(2) 
PARAMETRIC_REPRESENTATION_CONTEXT() REPRESENTATION_CONTEXT('2D SPACE',''
  ) );
#2318 = PCURVE('',#2266,#2319);
#2319 = DEFINITIONAL_REPRESENTATION('',(#2320),#2324);
#2320 = CIRCLE('',#2321,0.312872397074);
#2321 = AXIS2_PLACEMENT_2D('',#2322,#2323);
#2322 = CARTESIAN_POINT('',(15.69445473434,8.000000859664));
#2323 = DIRECTION('',(1.,0.));
#2324 = ( GEOMETRIC_REPRESENTATION_CONTEXT(2) 
PARAMETRIC_REPRESENTATION_CONTEXT() REPRESENTATION_CONTEXT('2D SPACE',''
  ) );
#2325 = ORIENTED_EDGE('',*,*,#2326,.F.);
#2326 = EDGE_CURVE('',#2248,#2327,#2329,.T.);
#2327 = VERTEX_POINT('',#2328);
#2328 = CARTESIAN_POINT('',(23.025053938377,-7.935408985334,
    11.933329040942));
#2329 = SURFACE_CURVE('',#2330,(#2335,#2342),.PCURVE_S1.);
#2330 = CIRCLE('',#2331,0.312872397074);
#2331 = AXIS2_PLACEMENT_3D('',#2332,#2333,#2334);
#2332 = CARTESIAN_POINT('',(23.072943597549,-8.000000859664,
    12.23569241036));
#2333 = DIRECTION('',(0.987688337501,0.,-0.156434484578));
#2334 = DIRECTION('',(0.156434484578,0.,0.987688337501));
#2335 = PCURVE('',#1822,#2336);
#2336 = DEFINITIONAL_REPRESENTATION('',(#2337),#2341);
#2337 = LINE('',#2338,#2339);
#2338 = CARTESIAN_POINT('',(6.731783885883E-07,-3.455756506664));
#2339 = VECTOR('',#2340,1.);
#2340 = DIRECTION('',(-7.0416486546E-08,1.));
#2341 = ( GEOMETRIC_REPRESENTATION_CONTEXT(2) 
PARAMETRIC_REPRESENTATION_CONTEXT() REPRESENTATION_CONTEXT('2D SPACE',''
  ) );
#2342 = PCURVE('',#2266,#2343);
#2343 = DEFINITIONAL_REPRESENTATION('',(#2344),#2348);
#2344 = CIRCLE('',#2345,0.312872397074);
#2345 = AXIS2_PLACEMENT_2D('',#2346,#2347);
#2346 = CARTESIAN_POINT('',(15.69445473434,8.000000859664));
#2347 = DIRECTION('',(1.,0.));
#2348 = ( GEOMETRIC_REPRESENTATION_CONTEXT(2) 
PARAMETRIC_REPRESENTATION_CONTEXT() REPRESENTATION_CONTEXT('2D SPACE',''
  ) );
#2349 = ORIENTED_EDGE('',*,*,#2350,.F.);
#2350 = EDGE_CURVE('',#2351,#1360,#2353,.T.);
#2351 = VERTEX_POINT('',#2352);
#2352 = CARTESIAN_POINT('',(21.121887207031,-8.,10.544710159302));
#2353 = SURFACE_CURVE('',#2354,(#2359,#2373),.PCURVE_S1.);
#2354 = CIRCLE('',#2355,0.312960069913);
#2355 = AXIS2_PLACEMENT_3D('',#2356,#2357,#2358);
#2356 = CARTESIAN_POINT('',(21.430897873154,-8.007599780485,
    10.593681770004));
#2357 = DIRECTION('',(0.156431840323,-3.846850899271E-03,-0.987681264919
    ));
#2358 = DIRECTION('',(0.987688572983,-9.041030320095E-20,0.156432997796)
  );
#2359 = PCURVE('',#1822,#2360);
#2360 = DEFINITIONAL_REPRESENTATION('',(#2361),#2372);
#2361 = B_SPLINE_CURVE_WITH_KNOTS('',9,(#2362,#2363,#2364,#2365,#2366,
    #2367,#2368,#2369,#2370,#2371),.UNSPECIFIED.,.F.,.F.,(10,10),(
    3.16587882167,6.25889944421),.PIECEWISE_BEZIER_KNOTS.);
#2362 = CARTESIAN_POINT('',(2.716518209732,-1.57079526388));
#2363 = CARTESIAN_POINT('',(2.251504024234,-1.517017911193));
#2364 = CARTESIAN_POINT('',(-0.778442598914,-1.166614604677));
#2365 = CARTESIAN_POINT('',(7.739098301951,-2.151640041181));
#2366 = CARTESIAN_POINT('',(-10.46653544746,-4.621870659931E-02));
#2367 = CARTESIAN_POINT('',(13.060739137933,-2.767070204464));
#2368 = CARTESIAN_POINT('',(-8.286922117253,-0.298283779957));
#2369 = CARTESIAN_POINT('',(3.868906102875,-1.704065112617));
#2370 = CARTESIAN_POINT('',(-0.209339311458,-1.232429517768));
#2371 = CARTESIAN_POINT('',(-0.356024320732,-1.215465881553));
#2372 = ( GEOMETRIC_REPRESENTATION_CONTEXT(2) 
PARAMETRIC_REPRESENTATION_CONTEXT() REPRESENTATION_CONTEXT('2D SPACE',''
  ) );
#2373 = PCURVE('',#2374,#2379);
#2374 = PLANE('',#2375);
#2375 = AXIS2_PLACEMENT_3D('',#2376,#2377,#2378);
#2376 = CARTESIAN_POINT('',(-1.107522126426,2.723532804576E-02,
    6.992686734963));
#2377 = DIRECTION('',(0.156431840323,-3.846850899271E-03,-0.987681264919
    ));
#2378 = DIRECTION('',(-0.987688572983,9.041030320095E-20,-0.156432997796
    ));
#2379 = DEFINITIONAL_REPRESENTATION('',(#2380),#2384);
#2380 = CIRCLE('',#2381,0.312960069913);
#2381 = AXIS2_PLACEMENT_2D('',#2382,#2383);
#2382 = CARTESIAN_POINT('',(-22.82425433505,-8.034894559987));
#2383 = DIRECTION('',(-1.,-1.100639005965E-19));
#2384 = ( GEOMETRIC_REPRESENTATION_CONTEXT(2) 
PARAMETRIC_REPRESENTATION_CONTEXT() REPRESENTATION_CONTEXT('2D SPACE',''
  ) );
#2385 = ORIENTED_EDGE('',*,*,#2386,.T.);
#2386 = EDGE_CURVE('',#2351,#1780,#2387,.T.);
#2387 = SURFACE_CURVE('',#2388,(#2393,#2400),.PCURVE_S1.);
#2388 = CIRCLE('',#2389,1.999999177407);
#2389 = AXIS2_PLACEMENT_3D('',#2390,#2391,#2392);
#2390 = CARTESIAN_POINT('',(21.12188845232,-8.000000859664,
    12.544709227142));
#2391 = DIRECTION('',(-1.,6.226447784616E-07,6.226447784616E-07));
#2392 = DIRECTION('',(-6.226447784617E-07,-2.408045999654E-29,-1.));
#2393 = PCURVE('',#1822,#2394);
#2394 = DEFINITIONAL_REPRESENTATION('',(#2395),#2399);
#2395 = LINE('',#2396,#2397);
#2396 = CARTESIAN_POINT('',(8.406194138683,-3.814782523983));
#2397 = VECTOR('',#2398,1.);
#2398 = DIRECTION('',(-0.934050238863,0.357141640361));
#2399 = ( GEOMETRIC_REPRESENTATION_CONTEXT(2) 
PARAMETRIC_REPRESENTATION_CONTEXT() REPRESENTATION_CONTEXT('2D SPACE',''
  ) );
#2400 = PCURVE('',#1557,#2401);
#2401 = DEFINITIONAL_REPRESENTATION('',(#2402),#2406);
#2402 = LINE('',#2403,#2404);
#2403 = CARTESIAN_POINT('',(9.424778250265,21.121887207031));
#2404 = VECTOR('',#2405,1.);
#2405 = DIRECTION('',(-1.,2.940243177937E-14));
#2406 = ( GEOMETRIC_REPRESENTATION_CONTEXT(2) 
PARAMETRIC_REPRESENTATION_CONTEXT() REPRESENTATION_CONTEXT('2D SPACE',''
  ) );
#2407 = ORIENTED_EDGE('',*,*,#1807,.F.);
#2408 = ADVANCED_FACE('',(#2409),#1557,.T.);
#2409 = FACE_BOUND('',#2410,.T.);
#2410 = EDGE_LOOP('',(#2411,#2412,#2433,#2434));
#2411 = ORIENTED_EDGE('',*,*,#2386,.T.);
#2412 = ORIENTED_EDGE('',*,*,#2413,.F.);
#2413 = EDGE_CURVE('',#1541,#1780,#2414,.T.);
#2414 = SURFACE_CURVE('',#2415,(#2419,#2426),.PCURVE_S1.);
#2415 = LINE('',#2416,#2417);
#2416 = CARTESIAN_POINT('',(21.121887207031,-9.999999889084,
    12.544708469882));
#2417 = VECTOR('',#2418,1.);
#2418 = DIRECTION('',(1.,0.,0.));
#2419 = PCURVE('',#1557,#2420);
#2420 = DEFINITIONAL_REPRESENTATION('',(#2421),#2425);
#2421 = LINE('',#2422,#2423);
#2422 = CARTESIAN_POINT('',(1.570796326795,21.121887207031));
#2423 = VECTOR('',#2424,1.);
#2424 = DIRECTION('',(0.,1.));
#2425 = ( GEOMETRIC_REPRESENTATION_CONTEXT(2) 
PARAMETRIC_REPRESENTATION_CONTEXT() REPRESENTATION_CONTEXT('2D SPACE',''
  ) );
#2426 = PCURVE('',#1795,#2427);
#2427 = DEFINITIONAL_REPRESENTATION('',(#2428),#2432);
#2428 = LINE('',#2429,#2430);
#2429 = CARTESIAN_POINT('',(-12.54470846988,21.121887207031));
#2430 = VECTOR('',#2431,1.);
#2431 = DIRECTION('',(0.,1.));
#2432 = ( GEOMETRIC_REPRESENTATION_CONTEXT(2) 
PARAMETRIC_REPRESENTATION_CONTEXT() REPRESENTATION_CONTEXT('2D SPACE',''
  ) );
#2433 = ORIENTED_EDGE('',*,*,#1540,.F.);
#2434 = ORIENTED_EDGE('',*,*,#2435,.T.);
#2435 = EDGE_CURVE('',#1512,#2351,#2436,.T.);
#2436 = SURFACE_CURVE('',#2437,(#2441,#2448),.PCURVE_S1.);
#2437 = LINE('',#2438,#2439);
#2438 = CARTESIAN_POINT('',(21.121887207031,-8.000001438655,
    10.544710019454));
#2439 = VECTOR('',#2440,1.);
#2440 = DIRECTION('',(1.,0.,0.));
#2441 = PCURVE('',#1557,#2442);
#2442 = DEFINITIONAL_REPRESENTATION('',(#2443),#2447);
#2443 = LINE('',#2444,#2445);
#2444 = CARTESIAN_POINT('',(3.14159265359,21.121887207031));
#2445 = VECTOR('',#2446,1.);
#2446 = DIRECTION('',(0.,1.));
#2447 = ( GEOMETRIC_REPRESENTATION_CONTEXT(2) 
PARAMETRIC_REPRESENTATION_CONTEXT() REPRESENTATION_CONTEXT('2D SPACE',''
  ) );
#2448 = PCURVE('',#857,#2449);
#2449 = DEFINITIONAL_REPRESENTATION('',(#2450),#2454);
#2450 = LINE('',#2451,#2452);
#2451 = CARTESIAN_POINT('',(-21.12188720703,-8.000001438655));
#2452 = VECTOR('',#2453,1.);
#2453 = DIRECTION('',(-1.,0.));
#2454 = ( GEOMETRIC_REPRESENTATION_CONTEXT(2) 
PARAMETRIC_REPRESENTATION_CONTEXT() REPRESENTATION_CONTEXT('2D SPACE',''
  ) );
#2455 = ADVANCED_FACE('',(#2456),#1673,.T.);
#2456 = FACE_BOUND('',#2457,.T.);
#2457 = EDGE_LOOP('',(#2458,#2459,#2488,#2512,#2541));
#2458 = ORIENTED_EDGE('',*,*,#1656,.T.);
#2459 = ORIENTED_EDGE('',*,*,#2460,.T.);
#2460 = EDGE_CURVE('',#1628,#2461,#2463,.T.);
#2461 = VERTEX_POINT('',#2462);
#2462 = CARTESIAN_POINT('',(13.707674026489,-9.414214134216,
    18.544710159302));
#2463 = SURFACE_CURVE('',#2464,(#2469,#2476),.PCURVE_S1.);
#2464 = ELLIPSE('',#2465,1.301078562469E+03,1.984346360035);
#2465 = AXIS2_PLACEMENT_3D('',#2466,#2467,#2468);
#2466 = CARTESIAN_POINT('',(13.522764404537,-7.067005641149,
    -1.278993550416E+03));
#2467 = DIRECTION('',(-0.649445967007,-0.760406660836,
    -1.283001985255E-03));
#2468 = DIRECTION('',(2.353852314284E-04,-1.888291785884E-03,
    0.999998189472));
#2469 = PCURVE('',#1673,#2470);
#2470 = DEFINITIONAL_REPRESENTATION('',(#2471),#2475);
#2471 = LINE('',#2472,#2473);
#2472 = CARTESIAN_POINT('',(4.326801975056,6.410108650878));
#2473 = VECTOR('',#2474,1.);
#2474 = DIRECTION('',(-3.247463133731E-02,0.999472560063));
#2475 = ( GEOMETRIC_REPRESENTATION_CONTEXT(2) 
PARAMETRIC_REPRESENTATION_CONTEXT() REPRESENTATION_CONTEXT('2D SPACE',''
  ) );
#2476 = PCURVE('',#2477,#2482);
#2477 = PLANE('',#2478);
#2478 = AXIS2_PLACEMENT_3D('',#2479,#2480,#2481);
#2479 = CARTESIAN_POINT('',(1.147931712548,1.344060883817,
    2.26777706069E-03));
#2480 = DIRECTION('',(-0.649445967007,-0.760406660836,
    -1.283001985255E-03));
#2481 = DIRECTION('',(-0.760407286688,0.649446501532,1.401655841262E-19)
  );
#2482 = DEFINITIONAL_REPRESENTATION('',(#2483),#2487);
#2483 = ELLIPSE('',#2484,1.301078562469E+03,1.984346360035);
#2484 = AXIS2_PLACEMENT_2D('',#2485,#2486);
#2485 = CARTESIAN_POINT('',(-14.87245067932,1.278996870868E+03));
#2486 = DIRECTION('',(-1.405333139371E-03,-0.999999012519));
#2487 = ( GEOMETRIC_REPRESENTATION_CONTEXT(2) 
PARAMETRIC_REPRESENTATION_CONTEXT() REPRESENTATION_CONTEXT('2D SPACE',''
  ) );
#2488 = ORIENTED_EDGE('',*,*,#2489,.F.);
#2489 = EDGE_CURVE('',#2490,#2461,#2492,.T.);
#2490 = VERTEX_POINT('',#2491);
#2491 = CARTESIAN_POINT('',(13.503853797913,-9.175570487976,
    18.544710159302));
#2492 = SURFACE_CURVE('',#2493,(#2498,#2505),.PCURVE_S1.);
#2493 = CIRCLE('',#2494,1.999999137427);
#2494 = AXIS2_PLACEMENT_3D('',#2495,#2496,#2497);
#2495 = CARTESIAN_POINT('',(15.121887035912,-8.000000859934,
    18.544709545854));
#2496 = DIRECTION('',(2.339564830136E-07,1.998170267513E-07,1.));
#2497 = DIRECTION('',(1.,4.128228947886E-30,-2.339564830136E-07));
#2498 = PCURVE('',#1673,#2499);
#2499 = DEFINITIONAL_REPRESENTATION('',(#2500),#2504);
#2500 = LINE('',#2501,#2502);
#2501 = CARTESIAN_POINT('',(-2.498221692137E-03,18.557834443782));
#2502 = VECTOR('',#2503,1.);
#2503 = DIRECTION('',(0.999996414036,2.678043115828E-03));
#2504 = ( GEOMETRIC_REPRESENTATION_CONTEXT(2) 
PARAMETRIC_REPRESENTATION_CONTEXT() REPRESENTATION_CONTEXT('2D SPACE',''
  ) );
#2505 = PCURVE('',#102,#2506);
#2506 = DEFINITIONAL_REPRESENTATION('',(#2507),#2511);
#2507 = LINE('',#2508,#2509);
#2508 = CARTESIAN_POINT('',(1.95399252334E-14,3.067261866172E-07));
#2509 = VECTOR('',#2510,1.);
#2510 = DIRECTION('',(1.,-5.088882321894E-13));
#2511 = ( GEOMETRIC_REPRESENTATION_CONTEXT(2) 
PARAMETRIC_REPRESENTATION_CONTEXT() REPRESENTATION_CONTEXT('2D SPACE',''
  ) );
#2512 = ORIENTED_EDGE('',*,*,#2513,.F.);
#2513 = EDGE_CURVE('',#2514,#2490,#2516,.T.);
#2514 = VERTEX_POINT('',#2515);
#2515 = CARTESIAN_POINT('',(13.219774246216,-8.618034362793,
    18.544710159302));
#2516 = SURFACE_CURVE('',#2517,(#2522,#2529),.PCURVE_S1.);
#2517 = ELLIPSE('',#2518,20.656121729673,1.984346360035);
#2518 = AXIS2_PLACEMENT_3D('',#2519,#2520,#2521);
#2519 = CARTESIAN_POINT('',(15.138328230952,-8.027141567901,
    38.874536030535));
#2520 = DIRECTION('',(-0.886820016194,-0.451857729092,9.682381699214E-02
    ));
#2521 = DIRECTION('',(8.682048936635E-02,4.28778221259E-02,
    0.995300806287));
#2522 = PCURVE('',#1673,#2523);
#2523 = DEFINITIONAL_REPRESENTATION('',(#2524),#2528);
#2524 = LINE('',#2525,#2526);
#2525 = CARTESIAN_POINT('',(0.471626445352,18.6329633961));
#2526 = VECTOR('',#2527,1.);
#2527 = DIRECTION('',(0.999831499903,-1.835679169972E-02));
#2528 = ( GEOMETRIC_REPRESENTATION_CONTEXT(2) 
PARAMETRIC_REPRESENTATION_CONTEXT() REPRESENTATION_CONTEXT('2D SPACE',''
  ) );
#2529 = PCURVE('',#2530,#2535);
#2530 = PLANE('',#2531);
#2531 = AXIS2_PLACEMENT_3D('',#2532,#2533,#2534);
#2532 = CARTESIAN_POINT('',(5.350952757782,2.726448791703,-0.58422189519
    ));
#2533 = DIRECTION('',(-0.886820016194,-0.451857729092,9.682381699214E-02
    ));
#2534 = DIRECTION('',(0.453990788262,-0.891006377179,4.138941151229E-18)
  );
#2535 = DEFINITIONAL_REPRESENTATION('',(#2536),#2540);
#2536 = ELLIPSE('',#2537,20.656121729673,1.984346360035);
#2537 = AXIS2_PLACEMENT_2D('',#2538,#2539);
#2538 = CARTESIAN_POINT('',(14.024895894056,39.645028647698));
#2539 = DIRECTION('',(1.211289451018E-03,0.999999266389));
#2540 = ( GEOMETRIC_REPRESENTATION_CONTEXT(2) 
PARAMETRIC_REPRESENTATION_CONTEXT() REPRESENTATION_CONTEXT('2D SPACE',''
  ) );
#2541 = ORIENTED_EDGE('',*,*,#2542,.F.);
#2542 = EDGE_CURVE('',#1657,#2514,#2543,.T.);
#2543 = SURFACE_CURVE('',#2544,(#2549,#2556),.PCURVE_S1.);
#2544 = ELLIPSE('',#2545,721.58661060914,1.984346360035);
#2545 = AXIS2_PLACEMENT_3D('',#2546,#2547,#2548);
#2546 = CARTESIAN_POINT('',(15.989393087812,-8.532932754672,
    733.11588757201));
#2547 = DIRECTION('',(-0.987681265108,-0.156431840353,3.846801171664E-03
    ));
#2548 = DIRECTION('',(3.942006027226E-03,-2.983688494754E-04,
    0.999992185752));
#2549 = PCURVE('',#1673,#2550);
#2550 = DEFINITIONAL_REPRESENTATION('',(#2551),#2555);
#2551 = LINE('',#2552,#2553);
#2552 = CARTESIAN_POINT('',(3.30543213886,9.37116637688));
#2553 = VECTOR('',#2554,1.);
#2554 = DIRECTION('',(1.44327529391E-02,0.999895842397));
#2555 = ( GEOMETRIC_REPRESENTATION_CONTEXT(2) 
PARAMETRIC_REPRESENTATION_CONTEXT() REPRESENTATION_CONTEXT('2D SPACE',''
  ) );
#2556 = PCURVE('',#2557,#2562);
#2557 = PLANE('',#2558);
#2558 = AXIS2_PLACEMENT_3D('',#2559,#2560,#2561);
#2559 = CARTESIAN_POINT('',(11.494091895255,1.820467808678,
    -4.476695846313E-02));
#2560 = DIRECTION('',(-0.987681265108,-0.156431840353,3.846801171664E-03
    ));
#2561 = DIRECTION('',(0.156432997796,-0.987688572983,1.054688064483E-20)
  );
#2562 = DEFINITIONAL_REPRESENTATION('',(#2563),#2567);
#2563 = ELLIPSE('',#2564,721.58661060914,1.984346360035);
#2564 = AXIS2_PLACEMENT_2D('',#2565,#2566);
#2565 = CARTESIAN_POINT('',(10.92914886948,733.1660792021));
#2566 = DIRECTION('',(9.113553233287E-04,0.999999584716));
#2567 = ( GEOMETRIC_REPRESENTATION_CONTEXT(2) 
PARAMETRIC_REPRESENTATION_CONTEXT() REPRESENTATION_CONTEXT('2D SPACE',''
  ) );
#2568 = ADVANCED_FACE('',(#2569),#161,.T.);
#2569 = FACE_BOUND('',#2570,.F.);
#2570 = EDGE_LOOP('',(#2571,#2601,#2622,#2623));
#2571 = ORIENTED_EDGE('',*,*,#2572,.T.);
#2572 = EDGE_CURVE('',#2573,#2575,#2577,.T.);
#2573 = VERTEX_POINT('',#2574);
#2574 = CARTESIAN_POINT('',(21.121887207031,0.,18.544710159302));
#2575 = VERTEX_POINT('',#2576);
#2576 = CARTESIAN_POINT('',(21.121887207031,-2.,20.544710159302));
#2577 = SURFACE_CURVE('',#2578,(#2583,#2590),.PCURVE_S1.);
#2578 = CIRCLE('',#2579,1.999998453566);
#2579 = AXIS2_PLACEMENT_3D('',#2580,#2581,#2582);
#2580 = CARTESIAN_POINT('',(21.121889202529,-1.999998687103,
    18.544710098271));
#2581 = DIRECTION('',(0.999999999999,9.977497451805E-07,
    9.977497451805E-07));
#2582 = DIRECTION('',(-9.97749745181E-07,1.132647937079E-28,1.));
#2583 = PCURVE('',#161,#2584);
#2584 = DEFINITIONAL_REPRESENTATION('',(#2585),#2589);
#2585 = LINE('',#2586,#2587);
#2586 = CARTESIAN_POINT('',(5.983837070289E-07,21.121887207027));
#2587 = VECTOR('',#2588,1.);
#2588 = DIRECTION('',(1.,8.707655823627E-13));
#2589 = ( GEOMETRIC_REPRESENTATION_CONTEXT(2) 
PARAMETRIC_REPRESENTATION_CONTEXT() REPRESENTATION_CONTEXT('2D SPACE',''
  ) );
#2590 = PCURVE('',#2591,#2596);
#2591 = SPHERICAL_SURFACE('',#2592,1.999998453566);
#2592 = AXIS2_PLACEMENT_3D('',#2593,#2594,#2595);
#2593 = CARTESIAN_POINT('',(21.121889202529,-1.999998687103,
    18.544710098271));
#2594 = DIRECTION('',(0.,0.,1.));
#2595 = DIRECTION('',(1.,0.,-0.));
#2596 = DEFINITIONAL_REPRESENTATION('',(#2597),#2600);
#2597 = B_SPLINE_CURVE_WITH_KNOTS('',1,(#2598,#2599),.UNSPECIFIED.,.F.,
  .F.,(2,2),(4.712391422742,6.283185963628),.PIECEWISE_BEZIER_KNOTS.);
#2598 = CARTESIAN_POINT('',(1.570799272856,-9.424776508615));
#2599 = CARTESIAN_POINT('',(3.281613094674,-0.322452174975));
#2600 = ( GEOMETRIC_REPRESENTATION_CONTEXT(2) 
PARAMETRIC_REPRESENTATION_CONTEXT() REPRESENTATION_CONTEXT('2D SPACE',''
  ) );
#2601 = ORIENTED_EDGE('',*,*,#2602,.F.);
#2602 = EDGE_CURVE('',#24,#2575,#2603,.T.);
#2603 = SURFACE_CURVE('',#2604,(#2608,#2615),.PCURVE_S1.);
#2604 = LINE('',#2605,#2606);
#2605 = CARTESIAN_POINT('',(21.121887207031,-2.000000147713,
    20.544709312992));
#2606 = VECTOR('',#2607,1.);
#2607 = DIRECTION('',(1.,0.,0.));
#2608 = PCURVE('',#161,#2609);
#2609 = DEFINITIONAL_REPRESENTATION('',(#2610),#2614);
#2610 = LINE('',#2611,#2612);
#2611 = CARTESIAN_POINT('',(6.28318530718,21.121887207031));
#2612 = VECTOR('',#2613,1.);
#2613 = DIRECTION('',(0.,1.));
#2614 = ( GEOMETRIC_REPRESENTATION_CONTEXT(2) 
PARAMETRIC_REPRESENTATION_CONTEXT() REPRESENTATION_CONTEXT('2D SPACE',''
  ) );
#2615 = PCURVE('',#73,#2616);
#2616 = DEFINITIONAL_REPRESENTATION('',(#2617),#2621);
#2617 = LINE('',#2618,#2619);
#2618 = CARTESIAN_POINT('',(21.121887207031,-2.000000147713));
#2619 = VECTOR('',#2620,1.);
#2620 = DIRECTION('',(1.,0.));
#2621 = ( GEOMETRIC_REPRESENTATION_CONTEXT(2) 
PARAMETRIC_REPRESENTATION_CONTEXT() REPRESENTATION_CONTEXT('2D SPACE',''
  ) );
#2622 = ORIENTED_EDGE('',*,*,#144,.F.);
#2623 = ORIENTED_EDGE('',*,*,#2624,.T.);
#2624 = EDGE_CURVE('',#145,#2573,#2625,.T.);
#2625 = SURFACE_CURVE('',#2626,(#2630,#2637),.PCURVE_S1.);
#2626 = LINE('',#2627,#2628);
#2627 = CARTESIAN_POINT('',(21.121887207031,2.6377758644E-07,
    18.544708901502));
#2628 = VECTOR('',#2629,1.);
#2629 = DIRECTION('',(1.,0.,0.));
#2630 = PCURVE('',#161,#2631);
#2631 = DEFINITIONAL_REPRESENTATION('',(#2632),#2636);
#2632 = LINE('',#2633,#2634);
#2633 = CARTESIAN_POINT('',(4.712388980385,21.121887207031));
#2634 = VECTOR('',#2635,1.);
#2635 = DIRECTION('',(0.,1.));
#2636 = ( GEOMETRIC_REPRESENTATION_CONTEXT(2) 
PARAMETRIC_REPRESENTATION_CONTEXT() REPRESENTATION_CONTEXT('2D SPACE',''
  ) );
#2637 = PCURVE('',#912,#2638);
#2638 = DEFINITIONAL_REPRESENTATION('',(#2639),#2643);
#2639 = LINE('',#2640,#2641);
#2640 = CARTESIAN_POINT('',(18.544708901502,21.121887207031));
#2641 = VECTOR('',#2642,1.);
#2642 = DIRECTION('',(0.,1.));
#2643 = ( GEOMETRIC_REPRESENTATION_CONTEXT(2) 
PARAMETRIC_REPRESENTATION_CONTEXT() REPRESENTATION_CONTEXT('2D SPACE',''
  ) );
#2644 = ADVANCED_FACE('',(#2645),#2591,.T.);
#2645 = FACE_BOUND('',#2646,.T.);
#2646 = EDGE_LOOP('',(#2647,#2648,#2675,#2704,#2732,#2761,#2790,#2818,
    #2847,#2874,#2901,#2930,#2959,#2988,#3017));
#2647 = ORIENTED_EDGE('',*,*,#2572,.T.);
#2648 = ORIENTED_EDGE('',*,*,#2649,.T.);
#2649 = EDGE_CURVE('',#2575,#2650,#2652,.T.);
#2650 = VERTEX_POINT('',#2651);
#2651 = CARTESIAN_POINT('',(21.512069702148,-2.,20.506278991699));
#2652 = SURFACE_CURVE('',#2653,(#2657,#2663),.PCURVE_S1.);
#2653 = LINE('',#2654,#2655);
#2654 = CARTESIAN_POINT('',(21.121887207031,-2.,20.544710159302));
#2655 = VECTOR('',#2656,1.);
#2656 = DIRECTION('',(0.995184342004,0.,-9.802104584807E-02));
#2657 = PCURVE('',#2591,#2658);
#2658 = DEFINITIONAL_REPRESENTATION('',(#2659),#2662);
#2659 = B_SPLINE_CURVE_WITH_KNOTS('',1,(#2660,#2661),.UNSPECIFIED.,.F.,
  .F.,(2,2),(0.,0.392070572906),.PIECEWISE_BEZIER_KNOTS.);
#2660 = CARTESIAN_POINT('',(3.281613094674,-0.322452174975));
#2661 = CARTESIAN_POINT('',(3.331995269453,7.833334510873));
#2662 = ( GEOMETRIC_REPRESENTATION_CONTEXT(2) 
PARAMETRIC_REPRESENTATION_CONTEXT() REPRESENTATION_CONTEXT('2D SPACE',''
  ) );
#2663 = PCURVE('',#2664,#2669);
#2664 = PLANE('',#2665);
#2665 = AXIS2_PLACEMENT_3D('',#2666,#2667,#2668);
#2666 = CARTESIAN_POINT('',(2.208178250061,-0.138308805382,
    22.419108057888));
#2667 = DIRECTION('',(9.801919850682E-02,-6.139412997839E-03,
    0.995165586389));
#2668 = DIRECTION('',(0.995184342004,1.009848397545E-20,
    -9.802104584807E-02));
#2669 = DEFINITIONAL_REPRESENTATION('',(#2670),#2674);
#2670 = LINE('',#2671,#2672);
#2671 = CARTESIAN_POINT('',(19.006357445562,-1.861726281407));
#2672 = VECTOR('',#2673,1.);
#2673 = DIRECTION('',(1.,8.179020325241E-20));
#2674 = ( GEOMETRIC_REPRESENTATION_CONTEXT(2) 
PARAMETRIC_REPRESENTATION_CONTEXT() REPRESENTATION_CONTEXT('2D SPACE',''
  ) );
#2675 = ORIENTED_EDGE('',*,*,#2676,.T.);
#2676 = EDGE_CURVE('',#2650,#2677,#2679,.T.);
#2677 = VERTEX_POINT('',#2678);
#2678 = CARTESIAN_POINT('',(21.887256622314,-2.,20.392467498779));
#2679 = SURFACE_CURVE('',#2680,(#2685,#2692),.PCURVE_S1.);
#2680 = CIRCLE('',#2681,0.196058088923);
#2681 = AXIS2_PLACEMENT_3D('',#2682,#2683,#2684);
#2682 = CARTESIAN_POINT('',(21.69966013965,-1.996932122778,
    20.449369222744));
#2683 = DIRECTION('',(0.290283830451,1.54070407738E-03,0.956939352315));
#2684 = DIRECTION('',(-0.956940488094,-3.978344759219E-20,0.290284174985
    ));
#2685 = PCURVE('',#2591,#2686);
#2686 = DEFINITIONAL_REPRESENTATION('',(#2687),#2691);
#2687 = LINE('',#2688,#2689);
#2688 = CARTESIAN_POINT('',(-3.551701999172E-06,7.673281145301));
#2689 = VECTOR('',#2690,1.);
#2690 = DIRECTION('',(8.879393919967E-06,-0.999999999961));
#2691 = ( GEOMETRIC_REPRESENTATION_CONTEXT(2) 
PARAMETRIC_REPRESENTATION_CONTEXT() REPRESENTATION_CONTEXT('2D SPACE',''
  ) );
#2692 = PCURVE('',#2693,#2698);
#2693 = PLANE('',#2694);
#2694 = AXIS2_PLACEMENT_3D('',#2695,#2696,#2697);
#2695 = CARTESIAN_POINT('',(7.508130292545,3.984998729436E-02,
    24.751035316329));
#2696 = DIRECTION('',(0.290283830451,1.54070407738E-03,0.956939352315));
#2697 = DIRECTION('',(0.956940488094,3.978344759219E-20,-0.290284174985)
  );
#2698 = DEFINITIONAL_REPRESENTATION('',(#2699),#2703);
#2699 = CIRCLE('',#2700,0.196058088923);
#2700 = AXIS2_PLACEMENT_2D('',#2701,#2702);
#2701 = CARTESIAN_POINT('',(14.829155091725,-2.036784527502));
#2702 = DIRECTION('',(-1.,5.885067434713E-20));
#2703 = ( GEOMETRIC_REPRESENTATION_CONTEXT(2) 
PARAMETRIC_REPRESENTATION_CONTEXT() REPRESENTATION_CONTEXT('2D SPACE',''
  ) );
#2704 = ORIENTED_EDGE('',*,*,#2705,.F.);
#2705 = EDGE_CURVE('',#2706,#2677,#2708,.T.);
#2706 = VERTEX_POINT('',#2707);
#2707 = CARTESIAN_POINT('',(22.233028411865,-2.,20.207649230957));
#2708 = SURFACE_CURVE('',#2709,(#2713,#2720),.PCURVE_S1.);
#2709 = LINE('',#2710,#2711);
#2710 = CARTESIAN_POINT('',(22.233028411865,-2.,20.207649230957));
#2711 = VECTOR('',#2712,1.);
#2712 = DIRECTION('',(-0.881921905012,0.,0.471395538227));
#2713 = PCURVE('',#2591,#2714);
#2714 = DEFINITIONAL_REPRESENTATION('',(#2715),#2719);
#2715 = LINE('',#2716,#2717);
#2716 = CARTESIAN_POINT('',(-1.181577146347E-06,4.123340854758));
#2717 = VECTOR('',#2718,1.);
#2718 = DIRECTION('',(-2.718655320652E-06,0.999999999996));
#2719 = ( GEOMETRIC_REPRESENTATION_CONTEXT(2) 
PARAMETRIC_REPRESENTATION_CONTEXT() REPRESENTATION_CONTEXT('2D SPACE',''
  ) );
#2720 = PCURVE('',#2721,#2726);
#2721 = PLANE('',#2722);
#2722 = AXIS2_PLACEMENT_3D('',#2723,#2724,#2725);
#2723 = CARTESIAN_POINT('',(13.342911371384,-4.35442336144E-02,
    24.962913012136));
#2724 = DIRECTION('',(0.471394980417,-1.538384883225E-03,0.881920861421)
  );
#2725 = DIRECTION('',(0.881921905012,1.539733477022E-20,-0.471395538227)
  );
#2726 = DEFINITIONAL_REPRESENTATION('',(#2727),#2731);
#2727 = LINE('',#2728,#2729);
#2728 = CARTESIAN_POINT('',(10.08199908566,-1.956458081491));
#2729 = VECTOR('',#2730,1.);
#2730 = DIRECTION('',(-1.,-8.170141453997E-21));
#2731 = ( GEOMETRIC_REPRESENTATION_CONTEXT(2) 
PARAMETRIC_REPRESENTATION_CONTEXT() REPRESENTATION_CONTEXT('2D SPACE',''
  ) );
#2732 = ORIENTED_EDGE('',*,*,#2733,.T.);
#2733 = EDGE_CURVE('',#2706,#2734,#2736,.T.);
#2734 = VERTEX_POINT('',#2735);
#2735 = CARTESIAN_POINT('',(22.536100387573,-2.,19.958923339844));
#2736 = SURFACE_CURVE('',#2737,(#2742,#2749),.PCURVE_S1.);
#2737 = CIRCLE('',#2738,0.196031826753);
#2738 = AXIS2_PLACEMENT_3D('',#2739,#2740,#2741);
#2739 = CARTESIAN_POINT('',(22.384568868397,-1.999998687103,
    20.083282618035));
#2740 = DIRECTION('',(0.634395034659,0.,0.773009016765));
#2741 = DIRECTION('',(-0.773009016765,0.,0.634395034659));
#2742 = PCURVE('',#2591,#2743);
#2743 = DEFINITIONAL_REPRESENTATION('',(#2744),#2748);
#2744 = LINE('',#2745,#2746);
#2745 = CARTESIAN_POINT('',(-1.181531849248E-06,4.123343633675));
#2746 = VECTOR('',#2747,1.);
#2747 = DIRECTION('',(1.289286881215E-06,-0.999999999999));
#2748 = ( GEOMETRIC_REPRESENTATION_CONTEXT(2) 
PARAMETRIC_REPRESENTATION_CONTEXT() REPRESENTATION_CONTEXT('2D SPACE',''
  ) );
#2749 = PCURVE('',#2750,#2755);
#2750 = PLANE('',#2751);
#2751 = AXIS2_PLACEMENT_3D('',#2752,#2753,#2754);
#2752 = CARTESIAN_POINT('',(18.857530635525,0.,22.97786145665));
#2753 = DIRECTION('',(0.634395034659,0.,0.773009016765));
#2754 = DIRECTION('',(0.773009016765,0.,-0.634395034659));
#2755 = DEFINITIONAL_REPRESENTATION('',(#2756),#2760);
#2756 = CIRCLE('',#2757,0.196031826753);
#2757 = AXIS2_PLACEMENT_2D('',#2758,#2759);
#2758 = CARTESIAN_POINT('',(4.562738799131,-1.999998687103));
#2759 = DIRECTION('',(-1.,0.));
#2760 = ( GEOMETRIC_REPRESENTATION_CONTEXT(2) 
PARAMETRIC_REPRESENTATION_CONTEXT() REPRESENTATION_CONTEXT('2D SPACE',''
  ) );
#2761 = ORIENTED_EDGE('',*,*,#2762,.T.);
#2762 = EDGE_CURVE('',#2734,#2763,#2765,.T.);
#2763 = VERTEX_POINT('',#2764);
#2764 = CARTESIAN_POINT('',(22.784828186035,-2.,19.655849456787));
#2765 = SURFACE_CURVE('',#2766,(#2771,#2778),.PCURVE_S1.);
#2766 = CIRCLE('',#2767,0.196044051459);
#2767 = AXIS2_PLACEMENT_3D('',#2768,#2769,#2770);
#2768 = CARTESIAN_POINT('',(22.66045912856,-1.997954405433,
    19.807389371792));
#2769 = DIRECTION('',(0.773008181246,1.027087836172E-03,0.634395221308)
  );
#2770 = DIRECTION('',(-0.634395555923,-6.774065283856E-20,0.773008588973
    ));
#2771 = PCURVE('',#2591,#2772);
#2772 = DEFINITIONAL_REPRESENTATION('',(#2773),#2777);
#2773 = LINE('',#2774,#2775);
#2774 = CARTESIAN_POINT('',(-9.668779634708E-07,0.795835478101));
#2775 = VECTOR('',#2776,1.);
#2776 = DIRECTION('',(1.083939633725E-06,-0.999999999999));
#2777 = ( GEOMETRIC_REPRESENTATION_CONTEXT(2) 
PARAMETRIC_REPRESENTATION_CONTEXT() REPRESENTATION_CONTEXT('2D SPACE',''
  ) );
#2778 = PCURVE('',#2779,#2784);
#2779 = PLANE('',#2780);
#2780 = AXIS2_PLACEMENT_3D('',#2781,#2782,#2783);
#2781 = CARTESIAN_POINT('',(23.252380906781,3.089519382952E-02,
    19.082850206728));
#2782 = DIRECTION('',(0.773008181246,1.027087836172E-03,0.634395221308)
  );
#2783 = DIRECTION('',(-0.634395555923,-6.774065283856E-20,0.773008588973
    ));
#2784 = DEFINITIONAL_REPRESENTATION('',(#2785),#2789);
#2785 = CIRCLE('',#2786,0.196044051459);
#2786 = AXIS2_PLACEMENT_2D('',#2787,#2788);
#2787 = CARTESIAN_POINT('',(0.935587543199,2.028850669389));
#2788 = DIRECTION('',(1.,1.046477277883E-19));
#2789 = ( GEOMETRIC_REPRESENTATION_CONTEXT(2) 
PARAMETRIC_REPRESENTATION_CONTEXT() REPRESENTATION_CONTEXT('2D SPACE',''
  ) );
#2790 = ORIENTED_EDGE('',*,*,#2791,.F.);
#2791 = EDGE_CURVE('',#2792,#2763,#2794,.T.);
#2792 = VERTEX_POINT('',#2793);
#2793 = CARTESIAN_POINT('',(22.969646453857,-2.,19.310077667236));
#2794 = SURFACE_CURVE('',#2795,(#2799,#2806),.PCURVE_S1.);
#2795 = LINE('',#2796,#2797);
#2796 = CARTESIAN_POINT('',(22.969646453857,-2.,19.310077667236));
#2797 = VECTOR('',#2798,1.);
#2798 = DIRECTION('',(-0.471395538227,0.,0.881921905012));
#2799 = PCURVE('',#2591,#2800);
#2800 = DEFINITIONAL_REPRESENTATION('',(#2801),#2805);
#2801 = LINE('',#2802,#2803);
#2802 = CARTESIAN_POINT('',(-7.105352697323E-07,-2.748892899541));
#2803 = VECTOR('',#2804,1.);
#2804 = DIRECTION('',(-4.021857550791E-07,1.));
#2805 = ( GEOMETRIC_REPRESENTATION_CONTEXT(2) 
PARAMETRIC_REPRESENTATION_CONTEXT() REPRESENTATION_CONTEXT('2D SPACE',''
  ) );
#2806 = PCURVE('',#2807,#2812);
#2807 = PLANE('',#2808);
#2808 = AXIS2_PLACEMENT_3D('',#2809,#2810,#2811);
#2809 = CARTESIAN_POINT('',(25.899324129346,-0.105311984315,
    13.843431905106));
#2810 = DIRECTION('',(0.881916234335,-3.586052986316E-03,0.471392507196)
  );
#2811 = DIRECTION('',(-0.471395538227,-9.390591536654E-20,0.881921905012
    ));
#2812 = DEFINITIONAL_REPRESENTATION('',(#2813),#2817);
#2813 = LINE('',#2814,#2815);
#2814 = CARTESIAN_POINT('',(6.202191629231,1.894700198434));
#2815 = VECTOR('',#2816,1.);
#2816 = DIRECTION('',(1.,-1.72106114998E-19));
#2817 = ( GEOMETRIC_REPRESENTATION_CONTEXT(2) 
PARAMETRIC_REPRESENTATION_CONTEXT() REPRESENTATION_CONTEXT('2D SPACE',''
  ) );
#2818 = ORIENTED_EDGE('',*,*,#2819,.T.);
#2819 = EDGE_CURVE('',#2792,#2820,#2822,.T.);
#2820 = VERTEX_POINT('',#2821);
#2821 = CARTESIAN_POINT('',(23.121887207031,-2.,18.544710159302));
#2822 = SURFACE_CURVE('',#2823,(#2828,#2835),.PCURVE_S1.);
#2823 = CIRCLE('',#2824,0.196059101422);
#2824 = AXIS2_PLACEMENT_3D('',#2825,#2826,#2827);
#2825 = CARTESIAN_POINT('',(23.026548231291,-1.996931939264,
    19.122481006358));
#2826 = DIRECTION('',(0.956939352179,1.540796355905E-03,0.29028383041));
#2827 = DIRECTION('',(-0.290284174985,-9.013627248043E-21,0.956940488094
    ));
#2828 = PCURVE('',#2591,#2829);
#2829 = DEFINITIONAL_REPRESENTATION('',(#2830),#2834);
#2830 = LINE('',#2831,#2832);
#2831 = CARTESIAN_POINT('',(-6.992146017737E-07,-2.733244416078));
#2832 = VECTOR('',#2833,1.);
#2833 = DIRECTION('',(5.112525790294E-08,-1.));
#2834 = ( GEOMETRIC_REPRESENTATION_CONTEXT(2) 
PARAMETRIC_REPRESENTATION_CONTEXT() REPRESENTATION_CONTEXT('2D SPACE',''
  ) );
#2835 = PCURVE('',#2836,#2841);
#2836 = PLANE('',#2837);
#2837 = AXIS2_PLACEMENT_3D('',#2838,#2839,#2840);
#2838 = CARTESIAN_POINT('',(26.39514362024,4.249960147531E-02,
    8.006864151677));
#2839 = DIRECTION('',(0.956939352179,1.540796355905E-03,0.29028383041));
#2840 = DIRECTION('',(-0.290284174985,-9.013627248043E-21,0.956940488094
    ));
#2841 = DEFINITIONAL_REPRESENTATION('',(#2842),#2846);
#2842 = CIRCLE('',#2843,0.196059101422);
#2843 = AXIS2_PLACEMENT_2D('',#2844,#2845);
#2844 = CARTESIAN_POINT('',(11.614833751722,2.039433961603));
#2845 = DIRECTION('',(1.,-5.997667069878E-20));
#2846 = ( GEOMETRIC_REPRESENTATION_CONTEXT(2) 
PARAMETRIC_REPRESENTATION_CONTEXT() REPRESENTATION_CONTEXT('2D SPACE',''
  ) );
#2847 = ORIENTED_EDGE('',*,*,#2848,.T.);
#2848 = EDGE_CURVE('',#2820,#2820,#2849,.T.);
#2849 = SURFACE_CURVE('',#2850,(#2855,#2862),.PCURVE_S1.);
#2850 = CIRCLE('',#2851,0.312965269278);
#2851 = AXIS2_PLACEMENT_3D('',#2852,#2853,#2854);
#2852 = CARTESIAN_POINT('',(23.072914629028,-1.690986398495,
    18.552309120358));
#2853 = DIRECTION('',(0.987681015246,0.156433415367,3.846905195334E-03)
  );
#2854 = DIRECTION('',(-0.156434572884,0.987688323514,-3.454350102281E-20
    ));
#2855 = PCURVE('',#2591,#2856);
#2856 = DEFINITIONAL_REPRESENTATION('',(#2857),#2861);
#2857 = LINE('',#2858,#2859);
#2858 = CARTESIAN_POINT('',(0.310394300089,-12.54208601577));
#2859 = VECTOR('',#2860,1.);
#2860 = DIRECTION('',(6.019037000463E-04,0.999999818856));
#2861 = ( GEOMETRIC_REPRESENTATION_CONTEXT(2) 
PARAMETRIC_REPRESENTATION_CONTEXT() REPRESENTATION_CONTEXT('2D SPACE',''
  ) );
#2862 = PCURVE('',#2863,#2868);
#2863 = PLANE('',#2864);
#2864 = AXIS2_PLACEMENT_3D('',#2865,#2866,#2867);
#2865 = CARTESIAN_POINT('',(22.317168051842,3.534694669423,
    8.692283075058E-02));
#2866 = DIRECTION('',(0.987681015246,0.156433415367,3.846905195334E-03)
  );
#2867 = DIRECTION('',(-0.156434572884,0.987688323514,-3.454350102281E-20
    ));
#2868 = DEFINITIONAL_REPRESENTATION('',(#2869),#2873);
#2869 = CIRCLE('',#2870,0.312965269278);
#2870 = AXIS2_PLACEMENT_2D('',#2871,#2872);
#2871 = CARTESIAN_POINT('',(-5.279569066203,18.465522922791));
#2872 = DIRECTION('',(1.,3.119400606976E-20));
#2873 = ( GEOMETRIC_REPRESENTATION_CONTEXT(2) 
PARAMETRIC_REPRESENTATION_CONTEXT() REPRESENTATION_CONTEXT('2D SPACE',''
  ) );
#2874 = ORIENTED_EDGE('',*,*,#2875,.T.);
#2875 = EDGE_CURVE('',#2820,#2820,#2876,.T.);
#2876 = SURFACE_CURVE('',#2877,(#2882,#2889),.PCURVE_S1.);
#2877 = CIRCLE('',#2878,0.196037729754);
#2878 = AXIS2_PLACEMENT_3D('',#2879,#2880,#2881);
#2879 = CARTESIAN_POINT('',(23.102672684291,-1.999998687103,
    18.739799362867));
#2880 = DIRECTION('',(0.995184769813,0.,9.801670231362E-02));
#2881 = DIRECTION('',(-9.801670231362E-02,0.,0.995184769813));
#2882 = PCURVE('',#2591,#2883);
#2883 = DEFINITIONAL_REPRESENTATION('',(#2884),#2888);
#2884 = LINE('',#2885,#2886);
#2885 = CARTESIAN_POINT('',(-6.693182310613E-07,-6.086827700174));
#2886 = VECTOR('',#2887,1.);
#2887 = DIRECTION('',(6.546161366774E-08,-1.));
#2888 = ( GEOMETRIC_REPRESENTATION_CONTEXT(2) 
PARAMETRIC_REPRESENTATION_CONTEXT() REPRESENTATION_CONTEXT('2D SPACE',''
  ) );
#2889 = PCURVE('',#2890,#2895);
#2890 = PLANE('',#2891);
#2891 = AXIS2_PLACEMENT_3D('',#2892,#2893,#2894);
#2892 = CARTESIAN_POINT('',(24.708687635787,0.,2.433582339702));
#2893 = DIRECTION('',(0.995184769813,0.,9.801670231362E-02));
#2894 = DIRECTION('',(-9.801670231362E-02,0.,0.995184769813));
#2895 = DEFINITIONAL_REPRESENTATION('',(#2896),#2900);
#2896 = CIRCLE('',#2897,0.196037729754);
#2897 = AXIS2_PLACEMENT_2D('',#2898,#2899);
#2898 = CARTESIAN_POINT('',(16.385115124129,1.999998687103));
#2899 = DIRECTION('',(1.,0.));
#2900 = ( GEOMETRIC_REPRESENTATION_CONTEXT(2) 
PARAMETRIC_REPRESENTATION_CONTEXT() REPRESENTATION_CONTEXT('2D SPACE',''
  ) );
#2901 = ORIENTED_EDGE('',*,*,#2902,.T.);
#2902 = EDGE_CURVE('',#2820,#2903,#2905,.T.);
#2903 = VERTEX_POINT('',#2904);
#2904 = CARTESIAN_POINT('',(22.739923477173,-0.824429512024,
    18.544710159302));
#2905 = SURFACE_CURVE('',#2906,(#2911,#2918),.PCURVE_S1.);
#2906 = CIRCLE('',#2907,0.366696334637);
#2907 = AXIS2_PLACEMENT_3D('',#2908,#2909,#2910);
#2908 = CARTESIAN_POINT('',(22.865462617685,-1.111605575593,
    18.735070382508));
#2909 = DIRECTION('',(0.886820754802,0.451856768899,9.682153299881E-02)
  );
#2910 = DIRECTION('',(-0.45398972219,0.891006920369,3.229746225851E-18)
  );
#2911 = PCURVE('',#2591,#2912);
#2912 = DEFINITIONAL_REPRESENTATION('',(#2913),#2917);
#2913 = LINE('',#2914,#2915);
#2914 = CARTESIAN_POINT('',(-3.376127387374,-9.424782344192));
#2915 = VECTOR('',#2916,1.);
#2916 = DIRECTION('',(0.999999999999,1.179636971738E-06));
#2917 = ( GEOMETRIC_REPRESENTATION_CONTEXT(2) 
PARAMETRIC_REPRESENTATION_CONTEXT() REPRESENTATION_CONTEXT('2D SPACE',''
  ) );
#2918 = PCURVE('',#2919,#2924);
#2919 = PLANE('',#2920);
#2920 = AXIS2_PLACEMENT_3D('',#2921,#2922,#2923);
#2921 = CARTESIAN_POINT('',(19.145784825727,9.755243573794,
    2.090303172602));
#2922 = DIRECTION('',(0.886820754802,0.451856768899,9.682153299881E-02)
  );
#2923 = DIRECTION('',(-0.45398972219,0.891006920369,3.229746225851E-18)
  );
#2924 = DEFINITIONAL_REPRESENTATION('',(#2925),#2929);
#2925 = CIRCLE('',#2926,0.366696334637);
#2926 = AXIS2_PLACEMENT_2D('',#2927,#2928);
#2927 = CARTESIAN_POINT('',(-11.37113328212,16.723337485793));
#2928 = DIRECTION('',(1.,-5.687203766939E-18));
#2929 = ( GEOMETRIC_REPRESENTATION_CONTEXT(2) 
PARAMETRIC_REPRESENTATION_CONTEXT() REPRESENTATION_CONTEXT('2D SPACE',''
  ) );
#2930 = ORIENTED_EDGE('',*,*,#2931,.F.);
#2931 = EDGE_CURVE('',#2932,#2903,#2934,.T.);
#2932 = VERTEX_POINT('',#2933);
#2933 = CARTESIAN_POINT('',(22.536100387573,-0.585786402225,
    18.544710159302));
#2934 = SURFACE_CURVE('',#2935,(#2940,#2947),.PCURVE_S1.);
#2935 = CIRCLE('',#2936,0.156919342025);
#2936 = AXIS2_PLACEMENT_3D('',#2937,#2938,#2939);
#2937 = CARTESIAN_POINT('',(22.638003513363,-0.705098099857,
    18.544710098271));
#2938 = DIRECTION('',(0.760401844735,0.649452873213,0.));
#2939 = DIRECTION('',(-0.649452873213,0.760401844735,0.));
#2940 = PCURVE('',#2591,#2941);
#2941 = DEFINITIONAL_REPRESENTATION('',(#2942),#2946);
#2942 = LINE('',#2943,#2944);
#2943 = CARTESIAN_POINT('',(0.785405146473,-9.424777960769));
#2944 = VECTOR('',#2945,1.);
#2945 = DIRECTION('',(-1.,1.942496857771E-07));
#2946 = ( GEOMETRIC_REPRESENTATION_CONTEXT(2) 
PARAMETRIC_REPRESENTATION_CONTEXT() REPRESENTATION_CONTEXT('2D SPACE',''
  ) );
#2947 = PCURVE('',#2948,#2953);
#2948 = PLANE('',#2949);
#2949 = AXIS2_PLACEMENT_3D('',#2950,#2951,#2952);
#2950 = CARTESIAN_POINT('',(12.741332581947,10.882265885079,0.));
#2951 = DIRECTION('',(0.760401844735,0.649452873213,0.));
#2952 = DIRECTION('',(-0.649452873213,0.760401844735,0.));
#2953 = DEFINITIONAL_REPRESENTATION('',(#2954),#2958);
#2954 = CIRCLE('',#2955,0.156919342025);
#2955 = AXIS2_PLACEMENT_2D('',#2956,#2957);
#2956 = CARTESIAN_POINT('',(-15.2384743214,18.544710098271));
#2957 = DIRECTION('',(1.,0.));
#2958 = ( GEOMETRIC_REPRESENTATION_CONTEXT(2) 
PARAMETRIC_REPRESENTATION_CONTEXT() REPRESENTATION_CONTEXT('2D SPACE',''
  ) );
#2959 = ORIENTED_EDGE('',*,*,#2960,.F.);
#2960 = EDGE_CURVE('',#2961,#2932,#2963,.T.);
#2961 = VERTEX_POINT('',#2962);
#2962 = CARTESIAN_POINT('',(22.297458648682,-0.381965994835,
    18.544710159302));
#2963 = SURFACE_CURVE('',#2964,(#2969,#2976),.PCURVE_S1.);
#2964 = CIRCLE('',#2965,0.156945942312);
#2965 = AXIS2_PLACEMENT_3D('',#2966,#2967,#2968);
#2966 = CARTESIAN_POINT('',(22.416781812461,-0.483882474463,
    18.542151979562));
#2967 = DIRECTION('',(0.649449554192,0.760403597064,-1.283016863739E-03)
  );
#2968 = DIRECTION('',(-0.760404222927,0.649450088733,-1.609074742595E-20
    ));
#2969 = PCURVE('',#2591,#2970);
#2970 = DEFINITIONAL_REPRESENTATION('',(#2971),#2975);
#2971 = LINE('',#2972,#2973);
#2972 = CARTESIAN_POINT('',(0.958779285274,-9.424777927161));
#2973 = VECTOR('',#2974,1.);
#2974 = DIRECTION('',(-1.,6.03931178109E-07));
#2975 = ( GEOMETRIC_REPRESENTATION_CONTEXT(2) 
PARAMETRIC_REPRESENTATION_CONTEXT() REPRESENTATION_CONTEXT('2D SPACE',''
  ) );
#2976 = PCURVE('',#2977,#2982);
#2977 = PLANE('',#2978);
#2978 = AXIS2_PLACEMENT_3D('',#2979,#2980,#2981);
#2979 = CARTESIAN_POINT('',(9.200643432477,10.772510838133,
    -1.817628575602E-02));
#2980 = DIRECTION('',(0.649449554192,0.760403597064,-1.283016863739E-03)
  );
#2981 = DIRECTION('',(0.760404222927,-0.649450088733,1.609074742595E-20)
  );
#2982 = DEFINITIONAL_REPRESENTATION('',(#2983),#2987);
#2983 = CIRCLE('',#2984,0.156945942312);
#2984 = AXIS2_PLACEMENT_2D('',#2985,#2986);
#2985 = CARTESIAN_POINT('',(17.360073070602,-18.56034354171));
#2986 = DIRECTION('',(-1.,-1.428777441914E-19));
#2987 = ( GEOMETRIC_REPRESENTATION_CONTEXT(2) 
PARAMETRIC_REPRESENTATION_CONTEXT() REPRESENTATION_CONTEXT('2D SPACE',''
  ) );
#2988 = ORIENTED_EDGE('',*,*,#2989,.T.);
#2989 = EDGE_CURVE('',#2961,#2990,#2992,.T.);
#2990 = VERTEX_POINT('',#2991);
#2991 = CARTESIAN_POINT('',(21.739921569824,-9.788696467876E-02,
    18.544710159302));
#2992 = SURFACE_CURVE('',#2993,(#2998,#3005),.PCURVE_S1.);
#2993 = CIRCLE('',#2994,0.366698796642);
#2994 = AXIS2_PLACEMENT_3D('',#2995,#2996,#2997);
#2995 = CARTESIAN_POINT('',(22.010283278239,-0.256426366742,
    18.73507116762));
#2996 = DIRECTION('',(0.451857364846,0.886820405086,9.682195493748E-02)
  );
#2997 = DIRECTION('',(-0.891006605747,0.453990339672,4.120622441918E-18)
  );
#2998 = PCURVE('',#2591,#2999);
#2999 = DEFINITIONAL_REPRESENTATION('',(#3000),#3004);
#3000 = LINE('',#3001,#3002);
#3001 = CARTESIAN_POINT('',(-2.747808777317,-9.424779568788));
#3002 = VECTOR('',#3003,1.);
#3003 = DIRECTION('',(1.,3.660479745669E-07));
#3004 = ( GEOMETRIC_REPRESENTATION_CONTEXT(2) 
PARAMETRIC_REPRESENTATION_CONTEXT() REPRESENTATION_CONTEXT('2D SPACE',''
  ) );
#3005 = PCURVE('',#3006,#3011);
#3006 = PLANE('',#3007);
#3007 = AXIS2_PLACEMENT_3D('',#3008,#3009,#3010);
#3008 = CARTESIAN_POINT('',(5.210851070275,10.226875595045,
    1.116557628056));
#3009 = DIRECTION('',(0.451857364846,0.886820405086,9.682195493748E-02)
  );
#3010 = DIRECTION('',(0.891006605747,-0.453990339672,-4.120622441918E-18
    ));
#3011 = DEFINITIONAL_REPRESENTATION('',(#3012),#3016);
#3012 = CIRCLE('',#3013,0.366698796642);
#3013 = AXIS2_PLACEMENT_2D('',#3014,#3015);
#3014 = CARTESIAN_POINT('',(19.727722888608,-17.70168103616));
#3015 = DIRECTION('',(-1.,5.297317913492E-18));
#3016 = ( GEOMETRIC_REPRESENTATION_CONTEXT(2) 
PARAMETRIC_REPRESENTATION_CONTEXT() REPRESENTATION_CONTEXT('2D SPACE',''
  ) );
#3017 = ORIENTED_EDGE('',*,*,#3018,.F.);
#3018 = EDGE_CURVE('',#2573,#2990,#3019,.T.);
#3019 = SURFACE_CURVE('',#3020,(#3025,#3032),.PCURVE_S1.);
#3020 = CIRCLE('',#3021,0.312869009517);
#3021 = AXIS2_PLACEMENT_3D('',#3022,#3023,#3024);
#3022 = CARTESIAN_POINT('',(21.43090575915,-4.894369944039E-02,
    18.544710098271));
#3023 = DIRECTION('',(0.156434368423,0.987688355898,0.));
#3024 = DIRECTION('',(-0.987688355898,0.156434368423,0.));
#3025 = PCURVE('',#2591,#3026);
#3026 = DEFINITIONAL_REPRESENTATION('',(#3027),#3031);
#3027 = LINE('',#3028,#3029);
#3028 = CARTESIAN_POINT('',(1.570796587295,-9.424777960769));
#3029 = VECTOR('',#3030,1.);
#3030 = DIRECTION('',(-1.,9.713378653063E-08));
#3031 = ( GEOMETRIC_REPRESENTATION_CONTEXT(2) 
PARAMETRIC_REPRESENTATION_CONTEXT() REPRESENTATION_CONTEXT('2D SPACE',''
  ) );
#3032 = PCURVE('',#3033,#3038);
#3033 = PLANE('',#3034);
#3034 = AXIS2_PLACEMENT_3D('',#3035,#3036,#3037);
#3035 = CARTESIAN_POINT('',(0.516888732685,3.263509085077,0.));
#3036 = DIRECTION('',(0.156434368423,0.987688355898,0.));
#3037 = DIRECTION('',(0.987688355898,-0.156434368423,0.));
#3038 = DEFINITIONAL_REPRESENTATION('',(#3039),#3043);
#3039 = CIRCLE('',#3040,0.312869009517);
#3040 = AXIS2_PLACEMENT_2D('',#3041,#3042);
#3041 = CARTESIAN_POINT('',(21.174712551365,-18.54471009827));
#3042 = DIRECTION('',(-1.,0.));
#3043 = ( GEOMETRIC_REPRESENTATION_CONTEXT(2) 
PARAMETRIC_REPRESENTATION_CONTEXT() REPRESENTATION_CONTEXT('2D SPACE',''
  ) );
#3044 = ADVANCED_FACE('',(#3045,#3174),#102,.F.);
#3045 = FACE_BOUND('',#3046,.F.);
#3046 = EDGE_LOOP('',(#3047,#3069,#3070,#3071,#3100,#3129,#3151,#3152));
#3047 = ORIENTED_EDGE('',*,*,#3048,.F.);
#3048 = EDGE_CURVE('',#86,#2514,#3049,.T.);
#3049 = SURFACE_CURVE('',#3050,(#3055,#3062),.PCURVE_S1.);
#3050 = CIRCLE('',#3051,0.312960596678);
#3051 = AXIS2_PLACEMENT_3D('',#3052,#3053,#3054);
#3052 = CARTESIAN_POINT('',(13.170859700808,-8.30901026144,
    18.552308367967));
#3053 = DIRECTION('',(-0.987681265108,-0.156431840353,3.846801171664E-03
    ));
#3054 = DIRECTION('',(0.156432997796,-0.987688572983,1.054688064483E-20)
  );
#3055 = PCURVE('',#102,#3056);
#3056 = DEFINITIONAL_REPRESENTATION('',(#3057),#3061);
#3057 = LINE('',#3058,#3059);
#3058 = CARTESIAN_POINT('',(-2.428243621445E-02,-2.949652246142E-07));
#3059 = VECTOR('',#3060,1.);
#3060 = DIRECTION('',(1.,1.836292485005E-07));
#3061 = ( GEOMETRIC_REPRESENTATION_CONTEXT(2) 
PARAMETRIC_REPRESENTATION_CONTEXT() REPRESENTATION_CONTEXT('2D SPACE',''
  ) );
#3062 = PCURVE('',#2557,#3063);
#3063 = DEFINITIONAL_REPRESENTATION('',(#3064),#3068);
#3064 = CIRCLE('',#3065,0.312960596678);
#3065 = AXIS2_PLACEMENT_2D('',#3066,#3067);
#3066 = CARTESIAN_POINT('',(10.267071554565,18.597212926595));
#3067 = DIRECTION('',(1.,-2.095113864577E-20));
#3068 = ( GEOMETRIC_REPRESENTATION_CONTEXT(2) 
PARAMETRIC_REPRESENTATION_CONTEXT() REPRESENTATION_CONTEXT('2D SPACE',''
  ) );
#3069 = ORIENTED_EDGE('',*,*,#85,.F.);
#3070 = ORIENTED_EDGE('',*,*,#2104,.F.);
#3071 = ORIENTED_EDGE('',*,*,#3072,.T.);
#3072 = EDGE_CURVE('',#2080,#3073,#3075,.T.);
#3073 = VERTEX_POINT('',#3074);
#3074 = CARTESIAN_POINT('',(14.503854751587,-9.902112960815,
    18.544710159302));
#3075 = SURFACE_CURVE('',#3076,(#3081,#3088),.PCURVE_S1.);
#3076 = CIRCLE('',#3077,0.312870399675);
#3077 = AXIS2_PLACEMENT_3D('',#3078,#3079,#3080);
#3078 = CARTESIAN_POINT('',(14.812869710804,-9.951056203972,
    18.544709545854));
#3079 = DIRECTION('',(-0.156434720062,-0.987688300204,0.));
#3080 = DIRECTION('',(0.987688300204,-0.156434720062,0.));
#3081 = PCURVE('',#102,#3082);
#3082 = DEFINITIONAL_REPRESENTATION('',(#3083),#3087);
#3083 = LINE('',#3084,#3085);
#3084 = CARTESIAN_POINT('',(4.71239149516,3.067242130651E-07));
#3085 = VECTOR('',#3086,1.);
#3086 = DIRECTION('',(-1.,1.102587063622E-11));
#3087 = ( GEOMETRIC_REPRESENTATION_CONTEXT(2) 
PARAMETRIC_REPRESENTATION_CONTEXT() REPRESENTATION_CONTEXT('2D SPACE',''
  ) );
#3088 = PCURVE('',#3089,#3094);
#3089 = PLANE('',#3090);
#3090 = AXIS2_PLACEMENT_3D('',#3091,#3092,#3093);
#3091 = CARTESIAN_POINT('',(-1.175027277565,-7.418817855869,0.));
#3092 = DIRECTION('',(-0.156434720062,-0.987688300204,0.));
#3093 = DIRECTION('',(-0.987688300204,0.156434720062,0.));
#3094 = DEFINITIONAL_REPRESENTATION('',(#3095),#3099);
#3095 = CIRCLE('',#3096,0.312870399675);
#3096 = AXIS2_PLACEMENT_2D('',#3097,#3098);
#3097 = CARTESIAN_POINT('',(-16.18718879738,-18.54470954585));
#3098 = DIRECTION('',(-1.,-0.));
#3099 = ( GEOMETRIC_REPRESENTATION_CONTEXT(2) 
PARAMETRIC_REPRESENTATION_CONTEXT() REPRESENTATION_CONTEXT('2D SPACE',''
  ) );
#3100 = ORIENTED_EDGE('',*,*,#3101,.F.);
#3101 = EDGE_CURVE('',#3102,#3073,#3104,.T.);
#3102 = VERTEX_POINT('',#3103);
#3103 = CARTESIAN_POINT('',(13.946316719055,-9.618033409119,
    18.544710159302));
#3104 = SURFACE_CURVE('',#3105,(#3110,#3117),.PCURVE_S1.);
#3105 = CIRCLE('',#3106,0.366699325954);
#3106 = AXIS2_PLACEMENT_3D('',#3107,#3108,#3109);
#3107 = CARTESIAN_POINT('',(14.233494108112,-9.743574723659,
    18.735068001472));
#3108 = DIRECTION('',(-0.451856643803,-0.886820920826,9.682059613902E-02
    ));
#3109 = DIRECTION('',(0.89100700559,-0.453989554934,-4.045360536131E-19)
  );
#3110 = PCURVE('',#102,#3111);
#3111 = DEFINITIONAL_REPRESENTATION('',(#3112),#3116);
#3112 = LINE('',#3113,#3114);
#3113 = CARTESIAN_POINT('',(0.393794695184,9.517953486239E-06));
#3114 = VECTOR('',#3115,1.);
#3115 = DIRECTION('',(0.999999999997,-2.571274093872E-06));
#3116 = ( GEOMETRIC_REPRESENTATION_CONTEXT(2) 
PARAMETRIC_REPRESENTATION_CONTEXT() REPRESENTATION_CONTEXT('2D SPACE',''
  ) );
#3117 = PCURVE('',#3118,#3123);
#3118 = PLANE('',#3119);
#3119 = AXIS2_PLACEMENT_3D('',#3120,#3121,#3122);
#3120 = CARTESIAN_POINT('',(-1.817931105261,-3.567900038372,
    0.389533219805));
#3121 = DIRECTION('',(-0.451856643803,-0.886820920826,9.682059613902E-02
    ));
#3122 = DIRECTION('',(-0.89100700559,0.453989554934,4.045360536131E-19)
  );
#3123 = DEFINITIONAL_REPRESENTATION('',(#3124),#3128);
#3124 = CIRCLE('',#3125,0.366699325954);
#3125 = AXIS2_PLACEMENT_2D('',#3126,#3127);
#3126 = CARTESIAN_POINT('',(-17.10562411661,-18.4321317054));
#3127 = DIRECTION('',(-1.,-2.045835079408E-18));
#3128 = ( GEOMETRIC_REPRESENTATION_CONTEXT(2) 
PARAMETRIC_REPRESENTATION_CONTEXT() REPRESENTATION_CONTEXT('2D SPACE',''
  ) );
#3129 = ORIENTED_EDGE('',*,*,#3130,.T.);
#3130 = EDGE_CURVE('',#3102,#2461,#3131,.T.);
#3131 = SURFACE_CURVE('',#3132,(#3137,#3144),.PCURVE_S1.);
#3132 = CIRCLE('',#3133,0.156939459517);
#3133 = AXIS2_PLACEMENT_3D('',#3134,#3135,#3136);
#3134 = CARTESIAN_POINT('',(13.827000801312,-9.516124090867,
    18.542151455275));
#3135 = DIRECTION('',(-0.649445967007,-0.760406660836,
    -1.283001985255E-03));
#3136 = DIRECTION('',(0.760407286688,-0.649446501532,-1.401655841262E-19
    ));
#3137 = PCURVE('',#102,#3138);
#3138 = DEFINITIONAL_REPRESENTATION('',(#3139),#3143);
#3139 = LINE('',#3140,#3141);
#3140 = CARTESIAN_POINT('',(4.100377768528,3.569049923802E-07));
#3141 = VECTOR('',#3142,1.);
#3142 = DIRECTION('',(-1.,-4.499081163753E-07));
#3143 = ( GEOMETRIC_REPRESENTATION_CONTEXT(2) 
PARAMETRIC_REPRESENTATION_CONTEXT() REPRESENTATION_CONTEXT('2D SPACE',''
  ) );
#3144 = PCURVE('',#2477,#3145);
#3145 = DEFINITIONAL_REPRESENTATION('',(#3146),#3150);
#3146 = CIRCLE('',#3147,0.156939459517);
#3147 = AXIS2_PLACEMENT_2D('',#3148,#3149);
#3148 = CARTESIAN_POINT('',(-16.69436566131,-18.53989893742));
#3149 = DIRECTION('',(-1.,-3.722628318285E-20));
#3150 = ( GEOMETRIC_REPRESENTATION_CONTEXT(2) 
PARAMETRIC_REPRESENTATION_CONTEXT() REPRESENTATION_CONTEXT('2D SPACE',''
  ) );
#3151 = ORIENTED_EDGE('',*,*,#2489,.F.);
#3152 = ORIENTED_EDGE('',*,*,#3153,.F.);
#3153 = EDGE_CURVE('',#2514,#2490,#3154,.T.);
#3154 = SURFACE_CURVE('',#3155,(#3160,#3167),.PCURVE_S1.);
#3155 = CIRCLE('',#3156,0.366698727561);
#3156 = AXIS2_PLACEMENT_3D('',#3157,#3158,#3159);
#3157 = CARTESIAN_POINT('',(13.378314851802,-8.888395971944,
    18.73507434478));
#3158 = DIRECTION('',(-0.886820016194,-0.451857729092,9.682381699214E-02
    ));
#3159 = DIRECTION('',(0.453990788262,-0.891006377179,4.138941151229E-18)
  );
#3160 = PCURVE('',#102,#3161);
#3161 = DEFINITIONAL_REPRESENTATION('',(#3162),#3166);
#3162 = LINE('',#3163,#3164);
#3163 = CARTESIAN_POINT('',(-0.234539999481,5.818510798045E-06));
#3164 = VECTOR('',#3165,1.);
#3165 = DIRECTION('',(0.999999999999,-1.391877502737E-06));
#3166 = ( GEOMETRIC_REPRESENTATION_CONTEXT(2) 
PARAMETRIC_REPRESENTATION_CONTEXT() REPRESENTATION_CONTEXT('2D SPACE',''
  ) );
#3167 = PCURVE('',#2530,#3168);
#3168 = DEFINITIONAL_REPRESENTATION('',(#3169),#3173);
#3169 = CIRCLE('',#3170,0.366698727561);
#3170 = AXIS2_PLACEMENT_2D('',#3171,#3172);
#3171 = CARTESIAN_POINT('',(13.993249199081,19.41049574669));
#3172 = DIRECTION('',(1.,2.407050312145E-18));
#3173 = ( GEOMETRIC_REPRESENTATION_CONTEXT(2) 
PARAMETRIC_REPRESENTATION_CONTEXT() REPRESENTATION_CONTEXT('2D SPACE',''
  ) );
#3174 = FACE_BOUND('',#3175,.F.);
#3175 = VERTEX_LOOP('',#3176);
#3176 = VERTEX_POINT('',#3177);
#3177 = CARTESIAN_POINT('',(15.121887035912,-8.000000859934,
    16.544710408426));
#3178 = ADVANCED_FACE('',(#3179),#1315,.T.);
#3179 = FACE_BOUND('',#3180,.T.);
#3180 = EDGE_LOOP('',(#3181,#3182,#3203));
#3181 = ORIENTED_EDGE('',*,*,#1300,.T.);
#3182 = ORIENTED_EDGE('',*,*,#3183,.F.);
#3183 = EDGE_CURVE('',#2990,#870,#3184,.T.);
#3184 = SURFACE_CURVE('',#3185,(#3189,#3196),.PCURVE_S1.);
#3185 = LINE('',#3186,#3187);
#3186 = CARTESIAN_POINT('',(19.621917379606,0.237571731211,
    -2.017294004803));
#3187 = VECTOR('',#3188,1.);
#3188 = DIRECTION('',(-0.102450092713,1.622649032235E-02,-0.994605791012
    ));
#3189 = PCURVE('',#1315,#3190);
#3190 = DEFINITIONAL_REPRESENTATION('',(#3191),#3195);
#3191 = LINE('',#3192,#3193);
#3192 = CARTESIAN_POINT('',(19.504147382627,2.030515569493));
#3193 = VECTOR('',#3194,1.);
#3194 = DIRECTION('',(-0.103547238865,0.99462453686));
#3195 = ( GEOMETRIC_REPRESENTATION_CONTEXT(2) 
PARAMETRIC_REPRESENTATION_CONTEXT() REPRESENTATION_CONTEXT('2D SPACE',''
  ) );
#3196 = PCURVE('',#3033,#3197);
#3197 = DEFINITIONAL_REPRESENTATION('',(#3198),#3202);
#3198 = LINE('',#3199,#3200);
#3199 = CARTESIAN_POINT('',(19.343174932498,2.017294004803));
#3200 = VECTOR('',#3201,1.);
#3201 = DIRECTION('',(-0.103727144399,0.994605791012));
#3202 = ( GEOMETRIC_REPRESENTATION_CONTEXT(2) 
PARAMETRIC_REPRESENTATION_CONTEXT() REPRESENTATION_CONTEXT('2D SPACE',''
  ) );
#3203 = ORIENTED_EDGE('',*,*,#3204,.T.);
#3204 = EDGE_CURVE('',#2990,#1272,#3205,.T.);
#3205 = SURFACE_CURVE('',#3206,(#3210,#3217),.PCURVE_S1.);
#3206 = LINE('',#3207,#3208);
#3207 = CARTESIAN_POINT('',(21.005423289168,9.377901014409E-02,
    -0.796758176643));
#3208 = VECTOR('',#3209,1.);
#3209 = DIRECTION('',(-3.79460978782E-02,9.901964418557E-03,
    -0.999230726487));
#3210 = PCURVE('',#1315,#3211);
#3211 = DEFINITIONAL_REPRESENTATION('',(#3212),#3216);
#3212 = LINE('',#3213,#3214);
#3213 = CARTESIAN_POINT('',(20.895085480932,0.809956737266));
#3214 = VECTOR('',#3215,1.);
#3215 = DIRECTION('',(-3.873393644013E-02,0.999249559503));
#3216 = ( GEOMETRIC_REPRESENTATION_CONTEXT(2) 
PARAMETRIC_REPRESENTATION_CONTEXT() REPRESENTATION_CONTEXT('2D SPACE',''
  ) );
#3217 = PCURVE('',#1288,#3218);
#3218 = DEFINITIONAL_REPRESENTATION('',(#3219),#3223);
#3219 = LINE('',#3220,#3221);
#3220 = CARTESIAN_POINT('',(20.073717452365,0.787224208961));
#3221 = VECTOR('',#3222,1.);
#3222 = DIRECTION('',(-3.918654099679E-02,0.999231912523));
#3223 = ( GEOMETRIC_REPRESENTATION_CONTEXT(2) 
PARAMETRIC_REPRESENTATION_CONTEXT() REPRESENTATION_CONTEXT('2D SPACE',''
  ) );
#3224 = ADVANCED_FACE('',(#3225),#3033,.T.);
#3225 = FACE_BOUND('',#3226,.T.);
#3226 = EDGE_LOOP('',(#3227,#3228,#3229));
#3227 = ORIENTED_EDGE('',*,*,#3018,.T.);
#3228 = ORIENTED_EDGE('',*,*,#3183,.T.);
#3229 = ORIENTED_EDGE('',*,*,#3230,.T.);
#3230 = EDGE_CURVE('',#870,#2573,#3231,.T.);
#3231 = SURFACE_CURVE('',#3232,(#3236,#3243),.PCURVE_S1.);
#3232 = LINE('',#3233,#3234);
#3233 = CARTESIAN_POINT('',(21.121887207031,-1.288284213022E-15,0.));
#3234 = VECTOR('',#3235,1.);
#3235 = DIRECTION('',(0.,0.,1.));
#3236 = PCURVE('',#3033,#3237);
#3237 = DEFINITIONAL_REPRESENTATION('',(#3238),#3242);
#3238 = LINE('',#3239,#3240);
#3239 = CARTESIAN_POINT('',(20.861842048971,0.));
#3240 = VECTOR('',#3241,1.);
#3241 = DIRECTION('',(0.,-1.));
#3242 = ( GEOMETRIC_REPRESENTATION_CONTEXT(2) 
PARAMETRIC_REPRESENTATION_CONTEXT() REPRESENTATION_CONTEXT('2D SPACE',''
  ) );
#3243 = PCURVE('',#912,#3244);
#3244 = DEFINITIONAL_REPRESENTATION('',(#3245),#3249);
#3245 = LINE('',#3246,#3247);
#3246 = CARTESIAN_POINT('',(0.,21.121887207031));
#3247 = VECTOR('',#3248,1.);
#3248 = DIRECTION('',(1.,0.));
#3249 = ( GEOMETRIC_REPRESENTATION_CONTEXT(2) 
PARAMETRIC_REPRESENTATION_CONTEXT() REPRESENTATION_CONTEXT('2D SPACE',''
  ) );
#3250 = ADVANCED_FACE('',(#3251),#1288,.T.);
#3251 = FACE_BOUND('',#3252,.F.);
#3252 = EDGE_LOOP('',(#3253,#3254,#3280));
#3253 = ORIENTED_EDGE('',*,*,#1271,.T.);
#3254 = ORIENTED_EDGE('',*,*,#3255,.F.);
#3255 = EDGE_CURVE('',#2990,#1243,#3256,.T.);
#3256 = SURFACE_CURVE('',#3257,(#3261,#3268),.PCURVE_S1.);
#3257 = LINE('',#3258,#3259);
#3258 = CARTESIAN_POINT('',(22.181869068796,-0.260927595577,
    0.547058215597));
#3259 = VECTOR('',#3260,1.);
#3260 = DIRECTION('',(2.454743535248E-02,-9.055893191179E-03,
    -0.999657648506));
#3261 = PCURVE('',#1288,#3262);
#3262 = DEFINITIONAL_REPRESENTATION('',(#3263),#3267);
#3263 = LINE('',#3264,#3265);
#3264 = CARTESIAN_POINT('',(21.302471765341,-0.55659377832));
#3265 = VECTOR('',#3266,1.);
#3266 = DIRECTION('',(2.611921725141E-02,0.999658835048));
#3267 = ( GEOMETRIC_REPRESENTATION_CONTEXT(2) 
PARAMETRIC_REPRESENTATION_CONTEXT() REPRESENTATION_CONTEXT('2D SPACE',''
  ) );
#3268 = PCURVE('',#3269,#3274);
#3269 = PLANE('',#3270);
#3270 = AXIS2_PLACEMENT_3D('',#3271,#3272,#3273);
#3271 = CARTESIAN_POINT('',(4.467013530333,8.767016958449,
    3.027091996821E-02));
#3272 = DIRECTION('',(0.453987969974,0.891002501933,3.076470087296E-03)
  );
#3273 = DIRECTION('',(0.891006718484,-0.453990118412,2.182021217199E-20)
  );
#3274 = DEFINITIONAL_REPRESENTATION('',(#3275),#3279);
#3275 = LINE('',#3276,#3277);
#3276 = CARTESIAN_POINT('',(19.882652918849,-0.516789741256));
#3277 = VECTOR('',#3278,1.);
#3278 = DIRECTION('',(2.598321584281E-02,0.999662379253));
#3279 = ( GEOMETRIC_REPRESENTATION_CONTEXT(2) 
PARAMETRIC_REPRESENTATION_CONTEXT() REPRESENTATION_CONTEXT('2D SPACE',''
  ) );
#3280 = ORIENTED_EDGE('',*,*,#3204,.T.);
#3281 = ADVANCED_FACE('',(#3282),#3269,.T.);
#3282 = FACE_BOUND('',#3283,.F.);
#3283 = EDGE_LOOP('',(#3284,#3285,#3306));
#3284 = ORIENTED_EDGE('',*,*,#3255,.T.);
#3285 = ORIENTED_EDGE('',*,*,#3286,.T.);
#3286 = EDGE_CURVE('',#1243,#2961,#3287,.T.);
#3287 = SURFACE_CURVE('',#3288,(#3292,#3299),.PCURVE_S1.);
#3288 = LINE('',#3289,#3290);
#3289 = CARTESIAN_POINT('',(21.887256622314,-0.152240931988,
    12.544710159302));
#3290 = VECTOR('',#3291,1.);
#3291 = DIRECTION('',(6.815807995241E-02,-3.817050671171E-02,
    0.996944074938));
#3292 = PCURVE('',#3269,#3293);
#3293 = DEFINITIONAL_REPRESENTATION('',(#3294),#3298);
#3294 = LINE('',#3295,#3296);
#3295 = CARTESIAN_POINT('',(19.570808578412,-12.51449846226));
#3296 = VECTOR('',#3297,1.);
#3297 = DIRECTION('',(7.805834001849E-02,-0.996948792844));
#3298 = ( GEOMETRIC_REPRESENTATION_CONTEXT(2) 
PARAMETRIC_REPRESENTATION_CONTEXT() REPRESENTATION_CONTEXT('2D SPACE',''
  ) );
#3299 = PCURVE('',#1259,#3300);
#3300 = DEFINITIONAL_REPRESENTATION('',(#3301),#3305);
#3301 = LINE('',#3302,#3303);
#3302 = CARTESIAN_POINT('',(19.374580570507,-12.5290291003));
#3303 = VECTOR('',#3304,1.);
#3304 = DIRECTION('',(7.810351571913E-02,-0.996945254682));
#3305 = ( GEOMETRIC_REPRESENTATION_CONTEXT(2) 
PARAMETRIC_REPRESENTATION_CONTEXT() REPRESENTATION_CONTEXT('2D SPACE',''
  ) );
#3306 = ORIENTED_EDGE('',*,*,#3307,.F.);
#3307 = EDGE_CURVE('',#2990,#2961,#3308,.T.);
#3308 = SURFACE_CURVE('',#3309,(#3313,#3320),.PCURVE_S1.);
#3309 = LINE('',#3310,#3311);
#3310 = CARTESIAN_POINT('',(4.441197945045,8.716243460917,
    18.544762163122));
#3311 = VECTOR('',#3312,1.);
#3312 = DIRECTION('',(0.891006722163,-0.453990111185,-2.636084368801E-06
    ));
#3313 = PCURVE('',#3269,#3314);
#3314 = DEFINITIONAL_REPRESENTATION('',(#3315),#3319);
#3315 = LINE('',#3316,#3317);
#3316 = CARTESIAN_POINT('',(4.88062228971E-05,-18.51457886053));
#3317 = VECTOR('',#3318,1.);
#3318 = DIRECTION('',(0.999999999997,2.636096843721E-06));
#3319 = ( GEOMETRIC_REPRESENTATION_CONTEXT(2) 
PARAMETRIC_REPRESENTATION_CONTEXT() REPRESENTATION_CONTEXT('2D SPACE',''
  ) );
#3320 = PCURVE('',#3006,#3321);
#3321 = DEFINITIONAL_REPRESENTATION('',(#3322),#3326);
#3322 = LINE('',#3323,#3324);
#3323 = CARTESIAN_POINT('',(4.637697811234E-05,-17.51047368553));
#3324 = VECTOR('',#3325,1.);
#3325 = DIRECTION('',(0.999999999996,2.648527900832E-06));
#3326 = ( GEOMETRIC_REPRESENTATION_CONTEXT(2) 
PARAMETRIC_REPRESENTATION_CONTEXT() REPRESENTATION_CONTEXT('2D SPACE',''
  ) );
#3327 = ADVANCED_FACE('',(#3328),#1259,.T.);
#3328 = FACE_BOUND('',#3329,.T.);
#3329 = EDGE_LOOP('',(#3330,#3331,#3332));
#3330 = ORIENTED_EDGE('',*,*,#1242,.T.);
#3331 = ORIENTED_EDGE('',*,*,#3286,.T.);
#3332 = ORIENTED_EDGE('',*,*,#3333,.T.);
#3333 = EDGE_CURVE('',#2961,#1214,#3334,.T.);
#3334 = SURFACE_CURVE('',#3335,(#3339,#3346),.PCURVE_S1.);
#3335 = LINE('',#3336,#3337);
#3336 = CARTESIAN_POINT('',(22.095751318212,-0.241384311598,
    -0.2390789841));
#3337 = VECTOR('',#3338,1.);
#3338 = DIRECTION('',(-1.073745304002E-02,7.483561546983E-03,
    -0.999914348036));
#3339 = PCURVE('',#1259,#3340);
#3340 = DEFINITIONAL_REPRESENTATION('',(#3341),#3345);
#3341 = LINE('',#3342,#3343);
#3342 = CARTESIAN_POINT('',(19.600478331433,0.254775170922));
#3343 = VECTOR('',#3344,1.);
#3344 = DIRECTION('',(-1.299731802893E-02,0.999915531295));
#3345 = ( GEOMETRIC_REPRESENTATION_CONTEXT(2) 
PARAMETRIC_REPRESENTATION_CONTEXT() REPRESENTATION_CONTEXT('2D SPACE',''
  ) );
#3346 = PCURVE('',#2977,#3347);
#3347 = DEFINITIONAL_REPRESENTATION('',(#3348),#3352);
#3348 = LINE('',#3349,#3350);
#3349 = CARTESIAN_POINT('',(16.958469673696,0.220902880162));
#3350 = VECTOR('',#3351,1.);
#3351 = DIRECTION('',(-1.302500434583E-02,0.999915171033));
#3352 = ( GEOMETRIC_REPRESENTATION_CONTEXT(2) 
PARAMETRIC_REPRESENTATION_CONTEXT() REPRESENTATION_CONTEXT('2D SPACE',''
  ) );
#3353 = ADVANCED_FACE('',(#3354),#2977,.T.);
#3354 = FACE_BOUND('',#3355,.T.);
#3355 = EDGE_LOOP('',(#3356,#3357,#3378));
#3356 = ORIENTED_EDGE('',*,*,#2960,.T.);
#3357 = ORIENTED_EDGE('',*,*,#3358,.F.);
#3358 = EDGE_CURVE('',#1214,#2932,#3359,.T.);
#3359 = SURFACE_CURVE('',#3360,(#3364,#3371),.PCURVE_S1.);
#3360 = LINE('',#3361,#3362);
#3361 = CARTESIAN_POINT('',(22.233028411865,-0.337060779333,
    12.544710159302));
#3362 = VECTOR('',#3363,1.);
#3363 = DIRECTION('',(5.040449903405E-02,-4.136604972972E-02,
    0.9978718537));
#3364 = PCURVE('',#2977,#3365);
#3365 = DEFINITIONAL_REPRESENTATION('',(#3366),#3370);
#3366 = LINE('',#3367,#3368);
#3367 = CARTESIAN_POINT('',(17.124992845882,-12.56289678515));
#3368 = VECTOR('',#3369,1.);
#3369 = DIRECTION('',(6.51929785875E-02,-0.997872675016));
#3370 = ( GEOMETRIC_REPRESENTATION_CONTEXT(2) 
PARAMETRIC_REPRESENTATION_CONTEXT() REPRESENTATION_CONTEXT('2D SPACE',''
  ) );
#3371 = PCURVE('',#1230,#3372);
#3372 = DEFINITIONAL_REPRESENTATION('',(#3373),#3377);
#3373 = LINE('',#3374,#3375);
#3374 = CARTESIAN_POINT('',(17.400168438257,-12.5447101593));
#3375 = VECTOR('',#3376,1.);
#3376 = DIRECTION('',(6.520554879085E-02,-0.9978718537));
#3377 = ( GEOMETRIC_REPRESENTATION_CONTEXT(2) 
PARAMETRIC_REPRESENTATION_CONTEXT() REPRESENTATION_CONTEXT('2D SPACE',''
  ) );
#3378 = ORIENTED_EDGE('',*,*,#3333,.F.);
#3379 = ADVANCED_FACE('',(#3380),#1230,.T.);
#3380 = FACE_BOUND('',#3381,.F.);
#3381 = EDGE_LOOP('',(#3382,#3383,#3404));
#3382 = ORIENTED_EDGE('',*,*,#1213,.T.);
#3383 = ORIENTED_EDGE('',*,*,#3384,.F.);
#3384 = EDGE_CURVE('',#2932,#1185,#3385,.T.);
#3385 = SURFACE_CURVE('',#3386,(#3390,#3397),.PCURVE_S1.);
#3386 = LINE('',#3387,#3388);
#3387 = CARTESIAN_POINT('',(22.536100387573,-0.585786402226,0.));
#3388 = VECTOR('',#3389,1.);
#3389 = DIRECTION('',(0.,0.,-1.));
#3390 = PCURVE('',#1230,#3391);
#3391 = DEFINITIONAL_REPRESENTATION('',(#3392),#3396);
#3392 = LINE('',#3393,#3394);
#3393 = CARTESIAN_POINT('',(17.792236108364,0.));
#3394 = VECTOR('',#3395,1.);
#3395 = DIRECTION('',(0.,1.));
#3396 = ( GEOMETRIC_REPRESENTATION_CONTEXT(2) 
PARAMETRIC_REPRESENTATION_CONTEXT() REPRESENTATION_CONTEXT('2D SPACE',''
  ) );
#3397 = PCURVE('',#2948,#3398);
#3398 = DEFINITIONAL_REPRESENTATION('',(#3399),#3403);
#3399 = LINE('',#3400,#3401);
#3400 = CARTESIAN_POINT('',(-15.08156820859,0.));
#3401 = VECTOR('',#3402,1.);
#3402 = DIRECTION('',(0.,-1.));
#3403 = ( GEOMETRIC_REPRESENTATION_CONTEXT(2) 
PARAMETRIC_REPRESENTATION_CONTEXT() REPRESENTATION_CONTEXT('2D SPACE',''
  ) );
#3404 = ORIENTED_EDGE('',*,*,#3358,.F.);
#3405 = ADVANCED_FACE('',(#3406),#2948,.T.);
#3406 = FACE_BOUND('',#3407,.T.);
#3407 = EDGE_LOOP('',(#3408,#3409,#3430));
#3408 = ORIENTED_EDGE('',*,*,#2931,.T.);
#3409 = ORIENTED_EDGE('',*,*,#3410,.F.);
#3410 = EDGE_CURVE('',#1185,#2903,#3411,.T.);
#3411 = SURFACE_CURVE('',#3412,(#3416,#3423),.PCURVE_S1.);
#3412 = LINE('',#3413,#3414);
#3413 = CARTESIAN_POINT('',(22.536100387573,-0.585786402225,
    12.544710159302));
#3414 = VECTOR('',#3415,1.);
#3415 = DIRECTION('',(3.392413917032E-02,-3.97195532888E-02,
    0.99863482308));
#3416 = PCURVE('',#2948,#3417);
#3417 = DEFINITIONAL_REPRESENTATION('',(#3418),#3422);
#3418 = LINE('',#3419,#3420);
#3419 = CARTESIAN_POINT('',(-15.08156820859,12.544710159302));
#3420 = VECTOR('',#3421,1.);
#3421 = DIRECTION('',(-5.223495124827E-02,0.99863482308));
#3422 = ( GEOMETRIC_REPRESENTATION_CONTEXT(2) 
PARAMETRIC_REPRESENTATION_CONTEXT() REPRESENTATION_CONTEXT('2D SPACE',''
  ) );
#3423 = PCURVE('',#1201,#3424);
#3424 = DEFINITIONAL_REPRESENTATION('',(#3425),#3429);
#3425 = LINE('',#3426,#3427);
#3426 = CARTESIAN_POINT('',(-14.74963958524,12.562214259001));
#3427 = VECTOR('',#3428,1.);
#3428 = DIRECTION('',(-5.222488015765E-02,0.998635349811));
#3429 = ( GEOMETRIC_REPRESENTATION_CONTEXT(2) 
PARAMETRIC_REPRESENTATION_CONTEXT() REPRESENTATION_CONTEXT('2D SPACE',''
  ) );
#3430 = ORIENTED_EDGE('',*,*,#3384,.F.);
#3431 = ADVANCED_FACE('',(#3432),#1201,.T.);
#3432 = FACE_BOUND('',#3433,.F.);
#3433 = EDGE_LOOP('',(#3434,#3435,#3461));
#3434 = ORIENTED_EDGE('',*,*,#1184,.T.);
#3435 = ORIENTED_EDGE('',*,*,#3436,.F.);
#3436 = EDGE_CURVE('',#2903,#1156,#3437,.T.);
#3437 = SURFACE_CURVE('',#3438,(#3442,#3449),.PCURVE_S1.);
#3438 = LINE('',#3439,#3440);
#3439 = CARTESIAN_POINT('',(22.87735076825,-1.021612581675,0.18218722228
    ));
#3440 = VECTOR('',#3441,1.);
#3441 = DIRECTION('',(7.483477121425E-03,-1.073742325047E-02,
    -0.999914348988));
#3442 = PCURVE('',#1201,#3443);
#3443 = DEFINITIONAL_REPRESENTATION('',(#3444),#3448);
#3444 = LINE('',#3445,#3446);
#3445 = CARTESIAN_POINT('',(-15.30302467551,0.199684801351));
#3446 = VECTOR('',#3447,1.);
#3447 = DIRECTION('',(-1.304760383616E-02,-0.999914876394));
#3448 = ( GEOMETRIC_REPRESENTATION_CONTEXT(2) 
PARAMETRIC_REPRESENTATION_CONTEXT() REPRESENTATION_CONTEXT('2D SPACE',''
  ) );
#3449 = PCURVE('',#3450,#3455);
#3450 = PLANE('',#3451);
#3451 = AXIS2_PLACEMENT_3D('',#3452,#3453,#3454);
#3452 = CARTESIAN_POINT('',(17.749206711153,9.043598150149,
    3.572390108934E-02));
#3453 = DIRECTION('',(0.891006601753,0.453986805524,1.793332638973E-03)
  );
#3454 = DIRECTION('',(-0.453987535546,0.891008034514,-4.85375367289E-20)
  );
#3455 = DEFINITIONAL_REPRESENTATION('',(#3456),#3460);
#3456 = LINE('',#3457,#3458);
#3457 = CARTESIAN_POINT('',(-11.29629711354,0.146463556708));
#3458 = VECTOR('',#3459,1.);
#3459 = DIRECTION('',(-1.296453572182E-02,-0.999915956875));
#3460 = ( GEOMETRIC_REPRESENTATION_CONTEXT(2) 
PARAMETRIC_REPRESENTATION_CONTEXT() REPRESENTATION_CONTEXT('2D SPACE',''
  ) );
#3461 = ORIENTED_EDGE('',*,*,#3410,.F.);
#3462 = ADVANCED_FACE('',(#3463),#3450,.T.);
#3463 = FACE_BOUND('',#3464,.F.);
#3464 = EDGE_LOOP('',(#3465,#3466,#3487));
#3465 = ORIENTED_EDGE('',*,*,#3436,.T.);
#3466 = ORIENTED_EDGE('',*,*,#3467,.T.);
#3467 = EDGE_CURVE('',#1156,#2820,#3468,.T.);
#3468 = SURFACE_CURVE('',#3469,(#3473,#3480),.PCURVE_S1.);
#3469 = LINE('',#3470,#3471);
#3470 = CARTESIAN_POINT('',(22.784828186035,-0.888859570026,
    12.544710159302));
#3471 = VECTOR('',#3472,1.);
#3472 = DIRECTION('',(3.969674092812E-02,-8.184369192141E-02,
    0.995854295995));
#3473 = PCURVE('',#3450,#3474);
#3474 = DEFINITIONAL_REPRESENTATION('',(#3475),#3479);
#3475 = LINE('',#3476,#3477);
#3476 = CARTESIAN_POINT('',(-11.13600901447,12.509006372973));
#3477 = VECTOR('',#3478,1.);
#3478 = DIRECTION('',(-9.094521265944E-02,0.995855897354));
#3479 = ( GEOMETRIC_REPRESENTATION_CONTEXT(2) 
PARAMETRIC_REPRESENTATION_CONTEXT() REPRESENTATION_CONTEXT('2D SPACE',''
  ) );
#3480 = PCURVE('',#1172,#3481);
#3481 = DEFINITIONAL_REPRESENTATION('',(#3482),#3486);
#3482 = LINE('',#3483,#3484);
#3483 = CARTESIAN_POINT('',(-11.52452736045,12.474073944905));
#3484 = VECTOR('',#3485,1.);
#3485 = DIRECTION('',(-9.089261918204E-02,0.995860698983));
#3486 = ( GEOMETRIC_REPRESENTATION_CONTEXT(2) 
PARAMETRIC_REPRESENTATION_CONTEXT() REPRESENTATION_CONTEXT('2D SPACE',''
  ) );
#3487 = ORIENTED_EDGE('',*,*,#3488,.F.);
#3488 = EDGE_CURVE('',#2903,#2820,#3489,.T.);
#3489 = SURFACE_CURVE('',#3490,(#3494,#3501),.PCURVE_S1.);
#3490 = LINE('',#3491,#3492);
#3491 = CARTESIAN_POINT('',(17.719416142509,9.028953117242,
    18.544417891866));
#3492 = VECTOR('',#3493,1.);
#3493 = DIRECTION('',(0.453987494328,-0.891008055145,2.570161490355E-05)
  );
#3494 = PCURVE('',#3450,#3495);
#3495 = DEFINITIONAL_REPRESENTATION('',(#3496),#3500);
#3496 = LINE('',#3497,#3498);
#3497 = CARTESIAN_POINT('',(4.757048553626E-04,18.508723753216));
#3498 = VECTOR('',#3499,1.);
#3499 = DIRECTION('',(-0.99999999967,2.570165623239E-05));
#3500 = ( GEOMETRIC_REPRESENTATION_CONTEXT(2) 
PARAMETRIC_REPRESENTATION_CONTEXT() REPRESENTATION_CONTEXT('2D SPACE',''
  ) );
#3501 = PCURVE('',#2919,#3502);
#3502 = DEFINITIONAL_REPRESENTATION('',(#3503),#3507);
#3503 = LINE('',#3504,#3505);
#3504 = CARTESIAN_POINT('',(4.268992484987E-04,16.531785035506));
#3505 = VECTOR('',#3506,1.);
#3506 = DIRECTION('',(-0.999999999667,2.582293729564E-05));
#3507 = ( GEOMETRIC_REPRESENTATION_CONTEXT(2) 
PARAMETRIC_REPRESENTATION_CONTEXT() REPRESENTATION_CONTEXT('2D SPACE',''
  ) );
#3508 = ADVANCED_FACE('',(#3509),#1172,.T.);
#3509 = FACE_BOUND('',#3510,.T.);
#3510 = EDGE_LOOP('',(#3511,#3512,#3513));
#3511 = ORIENTED_EDGE('',*,*,#1155,.T.);
#3512 = ORIENTED_EDGE('',*,*,#3467,.T.);
#3513 = ORIENTED_EDGE('',*,*,#3514,.T.);
#3514 = EDGE_CURVE('',#2820,#1127,#3515,.T.);
#3515 = SURFACE_CURVE('',#3516,(#3520,#3527),.PCURVE_S1.);
#3516 = LINE('',#3517,#3518);
#3517 = CARTESIAN_POINT('',(22.853924160953,-0.920952931592,
    -0.229647036659));
#3518 = VECTOR('',#3519,1.);
#3519 = DIRECTION('',(-9.055851073025E-03,2.45470582224E-02,
    -0.999657658148));
#3520 = PCURVE('',#1172,#3521);
#3521 = DEFINITIONAL_REPRESENTATION('',(#3522),#3526);
#3522 = LINE('',#3523,#3524);
#3523 = CARTESIAN_POINT('',(-11.58540263153,-0.300365385609));
#3524 = VECTOR('',#3525,1.);
#3525 = DIRECTION('',(2.591748410458E-02,-0.99966408559));
#3526 = ( GEOMETRIC_REPRESENTATION_CONTEXT(2) 
PARAMETRIC_REPRESENTATION_CONTEXT() REPRESENTATION_CONTEXT('2D SPACE',''
  ) );
#3527 = PCURVE('',#1143,#3528);
#3528 = DEFINITIONAL_REPRESENTATION('',(#3529),#3533);
#3529 = LINE('',#3530,#3531);
#3530 = CARTESIAN_POINT('',(-7.515441108118,-0.196361630829));
#3531 = VECTOR('',#3532,1.);
#3532 = DIRECTION('',(2.611884494982E-02,-0.999658844776));
#3533 = ( GEOMETRIC_REPRESENTATION_CONTEXT(2) 
PARAMETRIC_REPRESENTATION_CONTEXT() REPRESENTATION_CONTEXT('2D SPACE',''
  ) );
#3534 = ADVANCED_FACE('',(#3535),#1143,.T.);
#3535 = FACE_BOUND('',#3536,.F.);
#3536 = EDGE_LOOP('',(#3537,#3538,#3559));
#3537 = ORIENTED_EDGE('',*,*,#1126,.T.);
#3538 = ORIENTED_EDGE('',*,*,#3539,.F.);
#3539 = EDGE_CURVE('',#2820,#1045,#3540,.T.);
#3540 = SURFACE_CURVE('',#3541,(#3545,#3552),.PCURVE_S1.);
#3541 = LINE('',#3542,#3543);
#3542 = CARTESIAN_POINT('',(23.20471198107,-2.07448772954,0.308729958941
    ));
#3543 = VECTOR('',#3544,1.);
#3544 = DIRECTION('',(9.902006504924E-03,-3.794635557882E-02,
    -0.999230716284));
#3545 = PCURVE('',#1143,#3546);
#3546 = DEFINITIONAL_REPRESENTATION('',(#3547),#3551);
#3547 = LINE('',#3548,#3549);
#3548 = CARTESIAN_POINT('',(-8.721133414096,0.342016003843));
#3549 = VECTOR('',#3550,1.);
#3550 = DIRECTION('',(-3.918679900263E-02,-0.999231902405));
#3551 = ( GEOMETRIC_REPRESENTATION_CONTEXT(2) 
PARAMETRIC_REPRESENTATION_CONTEXT() REPRESENTATION_CONTEXT('2D SPACE',''
  ) );
#3552 = PCURVE('',#2863,#3553);
#3553 = DEFINITIONAL_REPRESENTATION('',(#3554),#3558);
#3554 = LINE('',#3555,#3556);
#3555 = CARTESIAN_POINT('',(-5.678966515402,0.221808769434));
#3556 = VECTOR('',#3557,1.);
#3557 = DIRECTION('',(-3.902818848342E-02,-0.999238110014));
#3558 = ( GEOMETRIC_REPRESENTATION_CONTEXT(2) 
PARAMETRIC_REPRESENTATION_CONTEXT() REPRESENTATION_CONTEXT('2D SPACE',''
  ) );
#3559 = ORIENTED_EDGE('',*,*,#3514,.T.);
#3560 = ADVANCED_FACE('',(#3561),#2863,.F.);
#3561 = FACE_BOUND('',#3562,.F.);
#3562 = EDGE_LOOP('',(#3563,#3564,#3585));
#3563 = ORIENTED_EDGE('',*,*,#2848,.T.);
#3564 = ORIENTED_EDGE('',*,*,#3565,.T.);
#3565 = EDGE_CURVE('',#2820,#1045,#3566,.T.);
#3566 = SURFACE_CURVE('',#3567,(#3571,#3578),.PCURVE_S1.);
#3567 = LINE('',#3568,#3569);
#3568 = CARTESIAN_POINT('',(23.001841675722,-0.781151766761,
    -0.198122335928));
#3569 = VECTOR('',#3570,1.);
#3570 = DIRECTION('',(-6.391246137642E-03,6.489170382365E-02,
    -0.997871844852));
#3571 = PCURVE('',#2863,#3572);
#3572 = DEFINITIONAL_REPRESENTATION('',(#3573),#3577);
#3573 = LINE('',#3574,#3575);
#3574 = CARTESIAN_POINT('',(-4.369817757017,-0.285047275848));
#3575 = VECTOR('',#3576,1.);
#3576 = DIRECTION('',(6.509259001931E-02,-0.997879228526));
#3577 = ( GEOMETRIC_REPRESENTATION_CONTEXT(2) 
PARAMETRIC_REPRESENTATION_CONTEXT() REPRESENTATION_CONTEXT('2D SPACE',''
  ) );
#3578 = PCURVE('',#1088,#3579);
#3579 = DEFINITIONAL_REPRESENTATION('',(#3580),#3584);
#3580 = LINE('',#3581,#3582);
#3581 = CARTESIAN_POINT('',(-3.031955009387,-0.198122335928));
#3582 = VECTOR('',#3583,1.);
#3583 = DIRECTION('',(6.52056842026E-02,-0.997871844852));
#3584 = ( GEOMETRIC_REPRESENTATION_CONTEXT(2) 
PARAMETRIC_REPRESENTATION_CONTEXT() REPRESENTATION_CONTEXT('2D SPACE',''
  ) );
#3585 = ORIENTED_EDGE('',*,*,#3539,.F.);
#3586 = ADVANCED_FACE('',(#3587),#1088,.T.);
#3587 = FACE_BOUND('',#3588,.T.);
#3588 = EDGE_LOOP('',(#3589,#3590,#3611));
#3589 = ORIENTED_EDGE('',*,*,#3565,.F.);
#3590 = ORIENTED_EDGE('',*,*,#3591,.T.);
#3591 = EDGE_CURVE('',#2820,#1045,#3592,.T.);
#3592 = SURFACE_CURVE('',#3593,(#3597,#3604),.PCURVE_S1.);
#3593 = LINE('',#3594,#3595);
#3594 = CARTESIAN_POINT('',(23.121887207031,-2.,0.));
#3595 = VECTOR('',#3596,1.);
#3596 = DIRECTION('',(0.,0.,-1.));
#3597 = PCURVE('',#1088,#3598);
#3598 = DEFINITIONAL_REPRESENTATION('',(#3599),#3603);
#3599 = LINE('',#3600,#3601);
#3600 = CARTESIAN_POINT('',(-4.256700674926,0.));
#3601 = VECTOR('',#3602,1.);
#3602 = DIRECTION('',(0.,-1.));
#3603 = ( GEOMETRIC_REPRESENTATION_CONTEXT(2) 
PARAMETRIC_REPRESENTATION_CONTEXT() REPRESENTATION_CONTEXT('2D SPACE',''
  ) );
#3604 = PCURVE('',#1848,#3605);
#3605 = DEFINITIONAL_REPRESENTATION('',(#3606),#3610);
#3606 = LINE('',#3607,#3608);
#3607 = CARTESIAN_POINT('',(0.,2.));
#3608 = VECTOR('',#3609,1.);
#3609 = DIRECTION('',(-1.,0.));
#3610 = ( GEOMETRIC_REPRESENTATION_CONTEXT(2) 
PARAMETRIC_REPRESENTATION_CONTEXT() REPRESENTATION_CONTEXT('2D SPACE',''
  ) );
#3611 = ORIENTED_EDGE('',*,*,#1073,.F.);
#3612 = ADVANCED_FACE('',(#3613,#3699),#2266,.T.);
#3613 = FACE_BOUND('',#3614,.T.);
#3614 = EDGE_LOOP('',(#3615,#3636,#3657,#3678));
#3615 = ORIENTED_EDGE('',*,*,#3616,.F.);
#3616 = EDGE_CURVE('',#2250,#1360,#3617,.T.);
#3617 = SURFACE_CURVE('',#3618,(#3622,#3629),.PCURVE_S1.);
#3618 = LINE('',#3619,#3620);
#3619 = CARTESIAN_POINT('',(23.121887207031,0.,12.544710159302));
#3620 = VECTOR('',#3621,1.);
#3621 = DIRECTION('',(0.,-1.,0.));
#3622 = PCURVE('',#2266,#3623);
#3623 = DEFINITIONAL_REPRESENTATION('',(#3624),#3628);
#3624 = LINE('',#3625,#3626);
#3625 = CARTESIAN_POINT('',(16.007324429373,0.));
#3626 = VECTOR('',#3627,1.);
#3627 = DIRECTION('',(0.,1.));
#3628 = ( GEOMETRIC_REPRESENTATION_CONTEXT(2) 
PARAMETRIC_REPRESENTATION_CONTEXT() REPRESENTATION_CONTEXT('2D SPACE',''
  ) );
#3629 = PCURVE('',#1848,#3630);
#3630 = DEFINITIONAL_REPRESENTATION('',(#3631),#3635);
#3631 = LINE('',#3632,#3633);
#3632 = CARTESIAN_POINT('',(12.544710159302,0.));
#3633 = VECTOR('',#3634,1.);
#3634 = DIRECTION('',(0.,1.));
#3635 = ( GEOMETRIC_REPRESENTATION_CONTEXT(2) 
PARAMETRIC_REPRESENTATION_CONTEXT() REPRESENTATION_CONTEXT('2D SPACE',''
  ) );
#3636 = ORIENTED_EDGE('',*,*,#3637,.F.);
#3637 = EDGE_CURVE('',#1045,#2250,#3638,.T.);
#3638 = SURFACE_CURVE('',#3639,(#3643,#3650),.PCURVE_S1.);
#3639 = LINE('',#3640,#3641);
#3640 = CARTESIAN_POINT('',(23.121887207031,0.,12.544710159302));
#3641 = VECTOR('',#3642,1.);
#3642 = DIRECTION('',(0.,-1.,0.));
#3643 = PCURVE('',#2266,#3644);
#3644 = DEFINITIONAL_REPRESENTATION('',(#3645),#3649);
#3645 = LINE('',#3646,#3647);
#3646 = CARTESIAN_POINT('',(16.007324429373,0.));
#3647 = VECTOR('',#3648,1.);
#3648 = DIRECTION('',(0.,1.));
#3649 = ( GEOMETRIC_REPRESENTATION_CONTEXT(2) 
PARAMETRIC_REPRESENTATION_CONTEXT() REPRESENTATION_CONTEXT('2D SPACE',''
  ) );
#3650 = PCURVE('',#1848,#3651);
#3651 = DEFINITIONAL_REPRESENTATION('',(#3652),#3656);
#3652 = LINE('',#3653,#3654);
#3653 = CARTESIAN_POINT('',(12.544710159302,0.));
#3654 = VECTOR('',#3655,1.);
#3655 = DIRECTION('',(0.,1.));
#3656 = ( GEOMETRIC_REPRESENTATION_CONTEXT(2) 
PARAMETRIC_REPRESENTATION_CONTEXT() REPRESENTATION_CONTEXT('2D SPACE',''
  ) );
#3657 = ORIENTED_EDGE('',*,*,#3658,.T.);
#3658 = EDGE_CURVE('',#1045,#2327,#3659,.T.);
#3659 = SURFACE_CURVE('',#3660,(#3664,#3671),.PCURVE_S1.);
#3660 = LINE('',#3661,#3662);
#3661 = CARTESIAN_POINT('',(23.127222765049,-1.672956211862,
    12.578397542504));
#3662 = VECTOR('',#3663,1.);
#3663 = DIRECTION('',(-1.622650266975E-02,-0.994605790813,
    -0.102450092693));
#3664 = PCURVE('',#2266,#3665);
#3665 = DEFINITIONAL_REPRESENTATION('',(#3666),#3670);
#3666 = LINE('',#3667,#3668);
#3667 = CARTESIAN_POINT('',(16.041431730151,1.672956211862));
#3668 = VECTOR('',#3669,1.);
#3669 = DIRECTION('',(-0.10372714631,0.994605790813));
#3670 = ( GEOMETRIC_REPRESENTATION_CONTEXT(2) 
PARAMETRIC_REPRESENTATION_CONTEXT() REPRESENTATION_CONTEXT('2D SPACE',''
  ) );
#3671 = PCURVE('',#1114,#3672);
#3672 = DEFINITIONAL_REPRESENTATION('',(#3673),#3677);
#3673 = LINE('',#3674,#3675);
#3674 = CARTESIAN_POINT('',(14.784678578625,1.539186482649));
#3675 = VECTOR('',#3676,1.);
#3676 = DIRECTION('',(-0.103547238739,0.994624536873));
#3677 = ( GEOMETRIC_REPRESENTATION_CONTEXT(2) 
PARAMETRIC_REPRESENTATION_CONTEXT() REPRESENTATION_CONTEXT('2D SPACE',''
  ) );
#3678 = ORIENTED_EDGE('',*,*,#3679,.T.);
#3679 = EDGE_CURVE('',#2327,#1360,#3680,.T.);
#3680 = SURFACE_CURVE('',#3681,(#3685,#3692),.PCURVE_S1.);
#3681 = LINE('',#3682,#3683);
#3682 = CARTESIAN_POINT('',(23.127222765049,-1.672956211862,
    12.578397542504));
#3683 = VECTOR('',#3684,1.);
#3684 = DIRECTION('',(-1.622650266975E-02,-0.994605790813,
    -0.102450092693));
#3685 = PCURVE('',#2266,#3686);
#3686 = DEFINITIONAL_REPRESENTATION('',(#3687),#3691);
#3687 = LINE('',#3688,#3689);
#3688 = CARTESIAN_POINT('',(16.041431730151,1.672956211862));
#3689 = VECTOR('',#3690,1.);
#3690 = DIRECTION('',(-0.10372714631,0.994605790813));
#3691 = ( GEOMETRIC_REPRESENTATION_CONTEXT(2) 
PARAMETRIC_REPRESENTATION_CONTEXT() REPRESENTATION_CONTEXT('2D SPACE',''
  ) );
#3692 = PCURVE('',#1114,#3693);
#3693 = DEFINITIONAL_REPRESENTATION('',(#3694),#3698);
#3694 = LINE('',#3695,#3696);
#3695 = CARTESIAN_POINT('',(14.784678578625,1.539186482649));
#3696 = VECTOR('',#3697,1.);
#3697 = DIRECTION('',(-0.103547238739,0.994624536873));
#3698 = ( GEOMETRIC_REPRESENTATION_CONTEXT(2) 
PARAMETRIC_REPRESENTATION_CONTEXT() REPRESENTATION_CONTEXT('2D SPACE',''
  ) );
#3699 = FACE_BOUND('',#3700,.T.);
#3700 = EDGE_LOOP('',(#3701,#3702,#3703,#3704));
#3701 = ORIENTED_EDGE('',*,*,#2247,.F.);
#3702 = ORIENTED_EDGE('',*,*,#2278,.F.);
#3703 = ORIENTED_EDGE('',*,*,#2302,.F.);
#3704 = ORIENTED_EDGE('',*,*,#2326,.F.);
#3705 = ADVANCED_FACE('',(#3706),#2374,.T.);
#3706 = FACE_BOUND('',#3707,.F.);
#3707 = EDGE_LOOP('',(#3708,#3709,#3730));
#3708 = ORIENTED_EDGE('',*,*,#2350,.T.);
#3709 = ORIENTED_EDGE('',*,*,#3710,.F.);
#3710 = EDGE_CURVE('',#930,#1360,#3711,.T.);
#3711 = SURFACE_CURVE('',#3712,(#3716,#3723),.PCURVE_S1.);
#3712 = LINE('',#3713,#3714);
#3713 = CARTESIAN_POINT('',(21.401284050744,0.917307262849,
    10.554230448198));
#3714 = VECTOR('',#3715,1.);
#3715 = DIRECTION('',(3.794609792202E-02,-0.999230727641,
    9.901847794025E-03));
#3716 = PCURVE('',#2374,#3717);
#3717 = DEFINITIONAL_REPRESENTATION('',(#3718),#3722);
#3718 = LINE('',#3719,#3720);
#3719 = CARTESIAN_POINT('',(-22.78883361251,0.890078520635));
#3720 = VECTOR('',#3721,1.);
#3721 = DIRECTION('',(-3.9027903041E-02,-0.999238121162));
#3722 = ( GEOMETRIC_REPRESENTATION_CONTEXT(2) 
PARAMETRIC_REPRESENTATION_CONTEXT() REPRESENTATION_CONTEXT('2D SPACE',''
  ) );
#3723 = PCURVE('',#946,#3724);
#3724 = DEFINITIONAL_REPRESENTATION('',(#3725),#3729);
#3725 = LINE('',#3726,#3727);
#3726 = CARTESIAN_POINT('',(-23.54347223513,0.923295699033));
#3727 = VECTOR('',#3728,1.);
#3728 = DIRECTION('',(-3.918651076822E-02,-0.999231913709));
#3729 = ( GEOMETRIC_REPRESENTATION_CONTEXT(2) 
PARAMETRIC_REPRESENTATION_CONTEXT() REPRESENTATION_CONTEXT('2D SPACE',''
  ) );
#3730 = ORIENTED_EDGE('',*,*,#3731,.F.);
#3731 = EDGE_CURVE('',#2351,#930,#3732,.T.);
#3732 = SURFACE_CURVE('',#3733,(#3737,#3744),.PCURVE_S1.);
#3733 = LINE('',#3734,#3735);
#3734 = CARTESIAN_POINT('',(21.546601506996,-1.468989942723,
    10.586540473504));
#3735 = VECTOR('',#3736,1.);
#3736 = DIRECTION('',(6.489201970279E-02,0.997871824311,
    6.39124600608E-03));
#3737 = PCURVE('',#2374,#3738);
#3738 = DEFINITIONAL_REPRESENTATION('',(#3739),#3743);
#3739 = LINE('',#3740,#3741);
#3740 = CARTESIAN_POINT('',(-22.93741635762,-1.496236341659));
#3741 = VECTOR('',#3742,1.);
#3742 = DIRECTION('',(-6.509290811059E-02,0.997879207777));
#3743 = ( GEOMETRIC_REPRESENTATION_CONTEXT(2) 
PARAMETRIC_REPRESENTATION_CONTEXT() REPRESENTATION_CONTEXT('2D SPACE',''
  ) );
#3744 = PCURVE('',#1343,#3745);
#3745 = DEFINITIONAL_REPRESENTATION('',(#3746),#3750);
#3746 = LINE('',#3747,#3748);
#3747 = CARTESIAN_POINT('',(-22.48050343044,-1.468989942723));
#3748 = VECTOR('',#3749,1.);
#3749 = DIRECTION('',(-6.520599854781E-02,0.997871824311));
#3750 = ( GEOMETRIC_REPRESENTATION_CONTEXT(2) 
PARAMETRIC_REPRESENTATION_CONTEXT() REPRESENTATION_CONTEXT('2D SPACE',''
  ) );
#3751 = ADVANCED_FACE('',(#3752),#1343,.T.);
#3752 = FACE_BOUND('',#3753,.F.);
#3753 = EDGE_LOOP('',(#3754,#3755,#3776));
#3754 = ORIENTED_EDGE('',*,*,#1328,.T.);
#3755 = ORIENTED_EDGE('',*,*,#3756,.F.);
#3756 = EDGE_CURVE('',#2351,#842,#3757,.T.);
#3757 = SURFACE_CURVE('',#3758,(#3762,#3769),.PCURVE_S1.);
#3758 = LINE('',#3759,#3760);
#3759 = CARTESIAN_POINT('',(21.121887207031,-0.,10.544710159302));
#3760 = VECTOR('',#3761,1.);
#3761 = DIRECTION('',(0.,1.,0.));
#3762 = PCURVE('',#1343,#3763);
#3763 = DEFINITIONAL_REPRESENTATION('',(#3764),#3768);
#3764 = LINE('',#3765,#3766);
#3765 = CARTESIAN_POINT('',(-22.05373415814,0.));
#3766 = VECTOR('',#3767,1.);
#3767 = DIRECTION('',(0.,1.));
#3768 = ( GEOMETRIC_REPRESENTATION_CONTEXT(2) 
PARAMETRIC_REPRESENTATION_CONTEXT() REPRESENTATION_CONTEXT('2D SPACE',''
  ) );
#3769 = PCURVE('',#857,#3770);
#3770 = DEFINITIONAL_REPRESENTATION('',(#3771),#3775);
#3771 = LINE('',#3772,#3773);
#3772 = CARTESIAN_POINT('',(-21.12188720703,0.));
#3773 = VECTOR('',#3774,1.);
#3774 = DIRECTION('',(0.,1.));
#3775 = ( GEOMETRIC_REPRESENTATION_CONTEXT(2) 
PARAMETRIC_REPRESENTATION_CONTEXT() REPRESENTATION_CONTEXT('2D SPACE',''
  ) );
#3776 = ORIENTED_EDGE('',*,*,#3731,.T.);
#3777 = ADVANCED_FACE('',(#3778),#946,.T.);
#3778 = FACE_BOUND('',#3779,.F.);
#3779 = EDGE_LOOP('',(#3780,#3781,#3782));
#3780 = ORIENTED_EDGE('',*,*,#927,.T.);
#3781 = ORIENTED_EDGE('',*,*,#3710,.T.);
#3782 = ORIENTED_EDGE('',*,*,#3783,.F.);
#3783 = EDGE_CURVE('',#928,#1360,#3784,.T.);
#3784 = SURFACE_CURVE('',#3785,(#3789,#3796),.PCURVE_S1.);
#3785 = LINE('',#3786,#3787);
#3786 = CARTESIAN_POINT('',(21.920768027359,-0.635298071501,
    10.709312728518));
#3787 = VECTOR('',#3788,1.);
#3788 = DIRECTION('',(-2.454743536186E-02,-0.999657648888,
    -9.055850989138E-03));
#3789 = PCURVE('',#946,#3790);
#3790 = DEFINITIONAL_REPRESENTATION('',(#3791),#3795);
#3791 = LINE('',#3792,#3793);
#3792 = CARTESIAN_POINT('',(-24.08560542263,-0.629311478229));
#3793 = VECTOR('',#3794,1.);
#3794 = DIRECTION('',(2.611920142469E-02,-0.999658835462));
#3795 = ( GEOMETRIC_REPRESENTATION_CONTEXT(2) 
PARAMETRIC_REPRESENTATION_CONTEXT() REPRESENTATION_CONTEXT('2D SPACE',''
  ) );
#3796 = PCURVE('',#974,#3797);
#3797 = DEFINITIONAL_REPRESENTATION('',(#3798),#3802);
#3798 = LINE('',#3799,#3800);
#3799 = CARTESIAN_POINT('',(-24.38072392312,-0.632106902693));
#3800 = VECTOR('',#3801,1.);
#3801 = DIRECTION('',(2.591779332723E-02,-0.999664077573));
#3802 = ( GEOMETRIC_REPRESENTATION_CONTEXT(2) 
PARAMETRIC_REPRESENTATION_CONTEXT() REPRESENTATION_CONTEXT('2D SPACE',''
  ) );
#3803 = ADVANCED_FACE('',(#3804),#974,.T.);
#3804 = FACE_BOUND('',#3805,.T.);
#3805 = EDGE_LOOP('',(#3806,#3807,#3833));
#3806 = ORIENTED_EDGE('',*,*,#958,.T.);
#3807 = ORIENTED_EDGE('',*,*,#3808,.T.);
#3808 = EDGE_CURVE('',#959,#1360,#3809,.T.);
#3809 = SURFACE_CURVE('',#3810,(#3814,#3821),.PCURVE_S1.);
#3810 = LINE('',#3811,#3812);
#3811 = CARTESIAN_POINT('',(22.233028411865,-2.,10.881770133972));
#3812 = VECTOR('',#3813,1.);
#3813 = DIRECTION('',(-8.184375967948E-02,-0.995854277836,
    -3.969705677781E-02));
#3814 = PCURVE('',#974,#3815);
#3815 = DEFINITIONAL_REPRESENTATION('',(#3816),#3820);
#3816 = LINE('',#3817,#3818);
#3817 = CARTESIAN_POINT('',(-24.73740886876,-1.996817607435));
#3818 = VECTOR('',#3819,1.);
#3819 = DIRECTION('',(9.089280457339E-02,-0.995860682062));
#3820 = ( GEOMETRIC_REPRESENTATION_CONTEXT(2) 
PARAMETRIC_REPRESENTATION_CONTEXT() REPRESENTATION_CONTEXT('2D SPACE',''
  ) );
#3821 = PCURVE('',#3822,#3827);
#3822 = PLANE('',#3823);
#3823 = AXIS2_PLACEMENT_3D('',#3824,#3825,#3826);
#3824 = CARTESIAN_POINT('',(0.182254065162,-7.19964906463E-04,
    -0.357693464712));
#3825 = DIRECTION('',(0.453990050013,-1.793413516468E-03,-0.891004948447
    ));
#3826 = DIRECTION('',(-0.891006381334,-1.130148934545E-19,
    -0.453990780106));
#3827 = DEFINITIONAL_REPRESENTATION('',(#3828),#3832);
#3828 = LINE('',#3829,#3830);
#3829 = CARTESIAN_POINT('',(-24.74999350341,-1.999283250276));
#3830 = VECTOR('',#3831,1.);
#3831 = DIRECTION('',(9.094540992129E-02,-0.995855879339));
#3832 = ( GEOMETRIC_REPRESENTATION_CONTEXT(2) 
PARAMETRIC_REPRESENTATION_CONTEXT() REPRESENTATION_CONTEXT('2D SPACE',''
  ) );
#3833 = ORIENTED_EDGE('',*,*,#3783,.F.);
#3834 = ADVANCED_FACE('',(#3835),#3822,.T.);
#3835 = FACE_BOUND('',#3836,.F.);
#3836 = EDGE_LOOP('',(#3837,#3838,#3859));
#3837 = ORIENTED_EDGE('',*,*,#3808,.T.);
#3838 = ORIENTED_EDGE('',*,*,#3839,.T.);
#3839 = EDGE_CURVE('',#1360,#1360,#3840,.T.);
#3840 = SURFACE_CURVE('',#3841,(#3845,#3852),.PCURVE_S1.);
#3841 = LINE('',#3842,#3843);
#3842 = CARTESIAN_POINT('',(0.175741776624,-8.000002350119,
    -0.344910699619));
#3843 = VECTOR('',#3844,1.);
#3844 = DIRECTION('',(-0.891006381413,-9.586482897375E-08,
    -0.453990779953));
#3845 = PCURVE('',#3822,#3846);
#3846 = DEFINITIONAL_REPRESENTATION('',(#3847),#3851);
#3847 = LINE('',#3848,#3849);
#3848 = CARTESIAN_POINT('',(-7.668523041553E-07,-7.999295249417));
#3849 = VECTOR('',#3850,1.);
#3850 = DIRECTION('',(1.,-9.586498314055E-08));
#3851 = ( GEOMETRIC_REPRESENTATION_CONTEXT(2) 
PARAMETRIC_REPRESENTATION_CONTEXT() REPRESENTATION_CONTEXT('2D SPACE',''
  ) );
#3852 = PCURVE('',#2191,#3853);
#3853 = DEFINITIONAL_REPRESENTATION('',(#3854),#3858);
#3854 = LINE('',#3855,#3856);
#3855 = CARTESIAN_POINT('',(-7.633088079262E-07,-7.924933861902));
#3856 = VECTOR('',#3857,1.);
#3857 = DIRECTION('',(1.,-9.631737263726E-08));
#3858 = ( GEOMETRIC_REPRESENTATION_CONTEXT(2) 
PARAMETRIC_REPRESENTATION_CONTEXT() REPRESENTATION_CONTEXT('2D SPACE',''
  ) );
#3859 = ORIENTED_EDGE('',*,*,#3860,.F.);
#3860 = EDGE_CURVE('',#959,#1360,#3861,.T.);
#3861 = SURFACE_CURVE('',#3862,(#3866,#3873),.PCURVE_S1.);
#3862 = LINE('',#3863,#3864);
#3863 = CARTESIAN_POINT('',(22.208117628195,0.319791287519,
    10.864408173187));
#3864 = VECTOR('',#3865,1.);
#3865 = DIRECTION('',(1.073745303403E-02,-0.999914347479,
    7.483636042235E-03));
#3866 = PCURVE('',#3822,#3867);
#3867 = DEFINITIONAL_REPRESENTATION('',(#3868),#3872);
#3868 = LINE('',#3869,#3870);
#3869 = CARTESIAN_POINT('',(-24.71991566608,0.320511767862));
#3870 = VECTOR('',#3871,1.);
#3871 = DIRECTION('',(-1.296464093744E-02,-0.999915955511));
#3872 = ( GEOMETRIC_REPRESENTATION_CONTEXT(2) 
PARAMETRIC_REPRESENTATION_CONTEXT() REPRESENTATION_CONTEXT('2D SPACE',''
  ) );
#3873 = PCURVE('',#1003,#3874);
#3874 = DEFINITIONAL_REPRESENTATION('',(#3875),#3879);
#3875 = LINE('',#3876,#3877);
#3876 = CARTESIAN_POINT('',(-24.05940177155,0.313947292502));
#3877 = VECTOR('',#3878,1.);
#3878 = DIRECTION('',(-1.304772955878E-02,-0.999914874754));
#3879 = ( GEOMETRIC_REPRESENTATION_CONTEXT(2) 
PARAMETRIC_REPRESENTATION_CONTEXT() REPRESENTATION_CONTEXT('2D SPACE',''
  ) );
#3880 = ADVANCED_FACE('',(#3881),#1003,.F.);
#3881 = FACE_BOUND('',#3882,.F.);
#3882 = EDGE_LOOP('',(#3883,#3884,#3885));
#3883 = ORIENTED_EDGE('',*,*,#1410,.T.);
#3884 = ORIENTED_EDGE('',*,*,#986,.T.);
#3885 = ORIENTED_EDGE('',*,*,#3860,.T.);
#3886 = ADVANCED_FACE('',(#3887),#1061,.T.);
#3887 = FACE_BOUND('',#3888,.F.);
#3888 = EDGE_LOOP('',(#3889,#3890,#3911));
#3889 = ORIENTED_EDGE('',*,*,#1359,.T.);
#3890 = ORIENTED_EDGE('',*,*,#3891,.F.);
#3891 = EDGE_CURVE('',#1045,#1360,#3892,.T.);
#3892 = SURFACE_CURVE('',#3893,(#3897,#3904),.PCURVE_S1.);
#3893 = LINE('',#3894,#3895);
#3894 = CARTESIAN_POINT('',(23.096416405961,-0.692336705176,
    12.204187746376));
#3895 = VECTOR('',#3896,1.);
#3896 = DIRECTION('',(-9.902006542222E-03,-0.999230720048,
    -3.79462564571E-02));
#3897 = PCURVE('',#1061,#3898);
#3898 = DEFINITIONAL_REPRESENTATION('',(#3899),#3903);
#3899 = LINE('',#3900,#3901);
#3900 = CARTESIAN_POINT('',(18.383218664836,0.720931489383));
#3901 = VECTOR('',#3902,1.);
#3902 = DIRECTION('',(-3.918670388811E-02,0.999231906135));
#3903 = ( GEOMETRIC_REPRESENTATION_CONTEXT(2) 
PARAMETRIC_REPRESENTATION_CONTEXT() REPRESENTATION_CONTEXT('2D SPACE',''
  ) );
#3904 = PCURVE('',#1114,#3905);
#3905 = DEFINITIONAL_REPRESENTATION('',(#3906),#3910);
#3906 = LINE('',#3907,#3908);
#3907 = CARTESIAN_POINT('',(14.40925114964,0.558548493513));
#3908 = VECTOR('',#3909,1.);
#3909 = DIRECTION('',(-3.87340970624E-02,0.999249553277));
#3910 = ( GEOMETRIC_REPRESENTATION_CONTEXT(2) 
PARAMETRIC_REPRESENTATION_CONTEXT() REPRESENTATION_CONTEXT('2D SPACE',''
  ) );
#3911 = ORIENTED_EDGE('',*,*,#1044,.T.);
#3912 = ADVANCED_FACE('',(#3913),#1114,.F.);
#3913 = FACE_BOUND('',#3914,.F.);
#3914 = EDGE_LOOP('',(#3915,#3916,#3917,#3918));
#3915 = ORIENTED_EDGE('',*,*,#3891,.F.);
#3916 = ORIENTED_EDGE('',*,*,#1100,.F.);
#3917 = ORIENTED_EDGE('',*,*,#3658,.T.);
#3918 = ORIENTED_EDGE('',*,*,#3679,.T.);
#3919 = ADVANCED_FACE('',(#3920),#697,.T.);
#3920 = FACE_BOUND('',#3921,.F.);
#3921 = EDGE_LOOP('',(#3922,#3923,#3944));
#3922 = ORIENTED_EDGE('',*,*,#680,.T.);
#3923 = ORIENTED_EDGE('',*,*,#3924,.F.);
#3924 = EDGE_CURVE('',#1483,#681,#3925,.T.);
#3925 = SURFACE_CURVE('',#3926,(#3930,#3937),.PCURVE_S1.);
#3926 = LINE('',#3927,#3928);
#3927 = CARTESIAN_POINT('',(14.790304627084,-0.456944634627,
    10.567848557352));
#3928 = VECTOR('',#3929,1.);
#3929 = DIRECTION('',(3.794609792202E-02,0.999230727641,
    -9.901847794025E-03));
#3930 = PCURVE('',#697,#3931);
#3931 = DEFINITIONAL_REPRESENTATION('',(#3932),#3936);
#3932 = LINE('',#3933,#3934);
#3933 = CARTESIAN_POINT('',(-13.68326309268,-0.530404505779));
#3934 = VECTOR('',#3935,1.);
#3935 = DIRECTION('',(-3.873392373076E-02,0.999249559996));
#3936 = ( GEOMETRIC_REPRESENTATION_CONTEXT(2) 
PARAMETRIC_REPRESENTATION_CONTEXT() REPRESENTATION_CONTEXT('2D SPACE',''
  ) );
#3937 = PCURVE('',#726,#3938);
#3938 = DEFINITIONAL_REPRESENTATION('',(#3939),#3943);
#3939 = LINE('',#3940,#3941);
#3940 = CARTESIAN_POINT('',(-11.08578548996,-0.434747163744));
#3941 = VECTOR('',#3942,1.);
#3942 = DIRECTION('',(-3.918650968113E-02,0.999231913751));
#3943 = ( GEOMETRIC_REPRESENTATION_CONTEXT(2) 
PARAMETRIC_REPRESENTATION_CONTEXT() REPRESENTATION_CONTEXT('2D SPACE',''
  ) );
#3944 = ORIENTED_EDGE('',*,*,#3945,.T.);
#3945 = EDGE_CURVE('',#1483,#652,#3946,.T.);
#3946 = SURFACE_CURVE('',#3947,(#3951,#3958),.PCURVE_S1.);
#3947 = LINE('',#3948,#3949);
#3948 = CARTESIAN_POINT('',(15.184492985208,-1.392219026572,
    10.534794609246));
#3949 = VECTOR('',#3950,1.);
#3950 = DIRECTION('',(0.102449936526,0.994605809473,-1.622634488584E-02)
  );
#3951 = PCURVE('',#697,#3952);
#3952 = DEFINITIONAL_REPRESENTATION('',(#3953),#3957);
#3953 = LINE('',#3954,#3955);
#3954 = CARTESIAN_POINT('',(-14.07879318348,-1.465696524703));
#3955 = VECTOR('',#3956,1.);
#3956 = DIRECTION('',(-0.10354706786,0.994624554663));
#3957 = ( GEOMETRIC_REPRESENTATION_CONTEXT(2) 
PARAMETRIC_REPRESENTATION_CONTEXT() REPRESENTATION_CONTEXT('2D SPACE',''
  ) );
#3958 = PCURVE('',#1528,#3959);
#3959 = DEFINITIONAL_REPRESENTATION('',(#3960),#3964);
#3960 = LINE('',#3961,#3962);
#3961 = CARTESIAN_POINT('',(-13.34955765906,-1.392219026572));
#3962 = VECTOR('',#3963,1.);
#3963 = DIRECTION('',(-0.103726967384,0.994605809473));
#3964 = ( GEOMETRIC_REPRESENTATION_CONTEXT(2) 
PARAMETRIC_REPRESENTATION_CONTEXT() REPRESENTATION_CONTEXT('2D SPACE',''
  ) );
#3965 = ADVANCED_FACE('',(#3966),#1528,.T.);
#3966 = FACE_BOUND('',#3967,.F.);
#3967 = EDGE_LOOP('',(#3968,#3969,#3990));
#3968 = ORIENTED_EDGE('',*,*,#1511,.T.);
#3969 = ORIENTED_EDGE('',*,*,#3970,.F.);
#3970 = EDGE_CURVE('',#652,#1512,#3971,.T.);
#3971 = SURFACE_CURVE('',#3972,(#3976,#3983),.PCURVE_S1.);
#3972 = LINE('',#3973,#3974);
#3973 = CARTESIAN_POINT('',(15.121888160706,0.,10.544710159302));
#3974 = VECTOR('',#3975,1.);
#3975 = DIRECTION('',(0.,-1.,-0.));
#3976 = PCURVE('',#1528,#3977);
#3977 = DEFINITIONAL_REPRESENTATION('',(#3978),#3982);
#3978 = LINE('',#3979,#3980);
#3979 = CARTESIAN_POINT('',(-13.28617247007,0.));
#3980 = VECTOR('',#3981,1.);
#3981 = DIRECTION('',(0.,-1.));
#3982 = ( GEOMETRIC_REPRESENTATION_CONTEXT(2) 
PARAMETRIC_REPRESENTATION_CONTEXT() REPRESENTATION_CONTEXT('2D SPACE',''
  ) );
#3983 = PCURVE('',#857,#3984);
#3984 = DEFINITIONAL_REPRESENTATION('',(#3985),#3989);
#3985 = LINE('',#3986,#3987);
#3986 = CARTESIAN_POINT('',(-15.1218881607,0.));
#3987 = VECTOR('',#3988,1.);
#3988 = DIRECTION('',(-0.,-1.));
#3989 = ( GEOMETRIC_REPRESENTATION_CONTEXT(2) 
PARAMETRIC_REPRESENTATION_CONTEXT() REPRESENTATION_CONTEXT('2D SPACE',''
  ) );
#3990 = ORIENTED_EDGE('',*,*,#3945,.F.);
#3991 = ADVANCED_FACE('',(#3992),#726,.T.);
#3992 = FACE_BOUND('',#3993,.F.);
#3993 = EDGE_LOOP('',(#3994,#3995,#4021));
#3994 = ORIENTED_EDGE('',*,*,#709,.T.);
#3995 = ORIENTED_EDGE('',*,*,#3996,.F.);
#3996 = EDGE_CURVE('',#1483,#710,#3997,.T.);
#3997 = SURFACE_CURVE('',#3998,(#4002,#4009),.PCURVE_S1.);
#3998 = LINE('',#3999,#4000);
#3999 = CARTESIAN_POINT('',(14.301170010108,0.254086858697,
    10.717369624205));
#4000 = VECTOR('',#4001,1.);
#4001 = DIRECTION('',(-2.45472765663E-02,0.999657652787,
    9.055851024459E-03));
#4002 = PCURVE('',#726,#4003);
#4003 = DEFINITIONAL_REPRESENTATION('',(#4004),#4008);
#4004 = LINE('',#4005,#4006);
#4005 = CARTESIAN_POINT('',(-10.57430917309,0.276285173591));
#4006 = VECTOR('',#4007,1.);
#4007 = DIRECTION('',(2.611905056451E-02,0.999658839404));
#4008 = ( GEOMETRIC_REPRESENTATION_CONTEXT(2) 
PARAMETRIC_REPRESENTATION_CONTEXT() REPRESENTATION_CONTEXT('2D SPACE',''
  ) );
#4009 = PCURVE('',#4010,#4015);
#4010 = PLANE('',#4011);
#4011 = AXIS2_PLACEMENT_3D('',#4012,#4013,#4014);
#4012 = CARTESIAN_POINT('',(7.283122879205,4.935387491281E-02,
    14.293946806468));
#4013 = DIRECTION('',(-0.453988015212,-3.076436864559E-03,
    -0.891002478998));
#4014 = DIRECTION('',(-0.891006695458,-1.712146594154E-21,0.453990163604
    ));
#4015 = DEFINITIONAL_REPRESENTATION('',(#4016),#4020);
#4016 = LINE('',#4017,#4018);
#4017 = CARTESIAN_POINT('',(-7.876857842791,0.204733952635));
#4018 = VECTOR('',#4019,1.);
#4019 = DIRECTION('',(2.5983055064E-02,0.999662383432));
#4020 = ( GEOMETRIC_REPRESENTATION_CONTEXT(2) 
PARAMETRIC_REPRESENTATION_CONTEXT() REPRESENTATION_CONTEXT('2D SPACE',''
  ) );
#4021 = ORIENTED_EDGE('',*,*,#3924,.T.);
#4022 = ADVANCED_FACE('',(#4023),#4010,.T.);
#4023 = FACE_BOUND('',#4024,.F.);
#4024 = EDGE_LOOP('',(#4025,#4026,#4047));
#4025 = ORIENTED_EDGE('',*,*,#3996,.T.);
#4026 = ORIENTED_EDGE('',*,*,#4027,.T.);
#4027 = EDGE_CURVE('',#710,#1459,#4028,.T.);
#4028 = SURFACE_CURVE('',#4029,(#4033,#4040),.PCURVE_S1.);
#4029 = LINE('',#4030,#4031);
#4030 = CARTESIAN_POINT('',(14.356520652771,-2.,10.696949958801));
#4031 = VECTOR('',#4032,1.);
#4032 = DIRECTION('',(-6.815839506517E-02,-0.996944048504,
    3.817063444836E-02));
#4033 = PCURVE('',#4010,#4034);
#4034 = DEFINITIONAL_REPRESENTATION('',(#4035),#4039);
#4035 = LINE('',#4036,#4037);
#4036 = CARTESIAN_POINT('',(-7.935445963239,-2.049363572999));
#4037 = VECTOR('',#4038,1.);
#4038 = DIRECTION('',(7.805867893281E-02,-0.996948766308));
#4039 = ( GEOMETRIC_REPRESENTATION_CONTEXT(2) 
PARAMETRIC_REPRESENTATION_CONTEXT() REPRESENTATION_CONTEXT('2D SPACE',''
  ) );
#4040 = PCURVE('',#753,#4041);
#4041 = DEFINITIONAL_REPRESENTATION('',(#4042),#4046);
#4042 = LINE('',#4043,#4044);
#4043 = CARTESIAN_POINT('',(-7.618784626346,-2.024922168338));
#4044 = VECTOR('',#4045,1.);
#4045 = DIRECTION('',(7.81038532107E-02,-0.996945228242));
#4046 = ( GEOMETRIC_REPRESENTATION_CONTEXT(2) 
PARAMETRIC_REPRESENTATION_CONTEXT() REPRESENTATION_CONTEXT('2D SPACE',''
  ) );
#4047 = ORIENTED_EDGE('',*,*,#4048,.F.);
#4048 = EDGE_CURVE('',#1483,#1459,#4049,.T.);
#4049 = SURFACE_CURVE('',#4050,(#4054,#4061),.PCURVE_S1.);
#4050 = LINE('',#4051,#4052);
#4051 = CARTESIAN_POINT('',(7.294365054028,-7.999999798404,
    14.316011296978));
#4052 = VECTOR('',#4053,1.);
#4053 = DIRECTION('',(-0.891006695494,2.591703615931E-08,0.453990163533)
  );
#4054 = PCURVE('',#4010,#4055);
#4055 = DEFINITIONAL_REPRESENTATION('',(#4056),#4060);
#4056 = LINE('',#4057,#4058);
#4057 = CARTESIAN_POINT('',(2.086173652128E-07,-8.049391764995));
#4058 = VECTOR('',#4059,1.);
#4059 = DIRECTION('',(1.,2.591715880521E-08));
#4060 = ( GEOMETRIC_REPRESENTATION_CONTEXT(2) 
PARAMETRIC_REPRESENTATION_CONTEXT() REPRESENTATION_CONTEXT('2D SPACE',''
  ) );
#4061 = PCURVE('',#1499,#4062);
#4062 = DEFINITIONAL_REPRESENTATION('',(#4063),#4067);
#4063 = LINE('',#4064,#4065);
#4064 = CARTESIAN_POINT('',(2.478455085167E-07,-9.518102812233));
#4065 = VECTOR('',#4066,1.);
#4066 = DIRECTION('',(1.,2.603938124265E-08));
#4067 = ( GEOMETRIC_REPRESENTATION_CONTEXT(2) 
PARAMETRIC_REPRESENTATION_CONTEXT() REPRESENTATION_CONTEXT('2D SPACE',''
  ) );
#4068 = ADVANCED_FACE('',(#4069),#753,.T.);
#4069 = FACE_BOUND('',#4070,.T.);
#4070 = EDGE_LOOP('',(#4071,#4072,#4073));
#4071 = ORIENTED_EDGE('',*,*,#738,.T.);
#4072 = ORIENTED_EDGE('',*,*,#4027,.T.);
#4073 = ORIENTED_EDGE('',*,*,#4074,.T.);
#4074 = EDGE_CURVE('',#1459,#344,#4075,.T.);
#4075 = SURFACE_CURVE('',#4076,(#4080,#4087),.PCURVE_S1.);
#4076 = LINE('',#4077,#4078);
#4077 = CARTESIAN_POINT('',(14.031480326111,-6.934345862817E-02,
    10.867320565452));
#4078 = VECTOR('',#4079,1.);
#4079 = DIRECTION('',(1.073761194781E-02,0.999914345772,
    -7.483636029464E-03));
#4080 = PCURVE('',#753,#4081);
#4081 = DEFINITIONAL_REPRESENTATION('',(#4082),#4086);
#4082 = LINE('',#4083,#4084);
#4083 = CARTESIAN_POINT('',(-7.251812507767,-9.426334231702E-02));
#4084 = VECTOR('',#4085,1.);
#4085 = DIRECTION('',(-1.299749265437E-02,0.999915529025));
#4086 = ( GEOMETRIC_REPRESENTATION_CONTEXT(2) 
PARAMETRIC_REPRESENTATION_CONTEXT() REPRESENTATION_CONTEXT('2D SPACE',''
  ) );
#4087 = PCURVE('',#394,#4088);
#4088 = DEFINITIONAL_REPRESENTATION('',(#4089),#4093);
#4089 = LINE('',#4090,#4091);
#4090 = CARTESIAN_POINT('',(-3.61185640933,-4.704905895995E-02));
#4091 = VECTOR('',#4092,1.);
#4092 = DIRECTION('',(-1.30251766404E-02,0.999915168789));
#4093 = ( GEOMETRIC_REPRESENTATION_CONTEXT(2) 
PARAMETRIC_REPRESENTATION_CONTEXT() REPRESENTATION_CONTEXT('2D SPACE',''
  ) );
#4094 = ADVANCED_FACE('',(#4095),#394,.F.);
#4095 = FACE_BOUND('',#4096,.F.);
#4096 = EDGE_LOOP('',(#4097,#4098,#4099));
#4097 = ORIENTED_EDGE('',*,*,#377,.T.);
#4098 = ORIENTED_EDGE('',*,*,#1458,.F.);
#4099 = ORIENTED_EDGE('',*,*,#4074,.T.);
#4100 = ADVANCED_FACE('',(#4101),#304,.T.);
#4101 = FACE_BOUND('',#4102,.T.);
#4102 = EDGE_LOOP('',(#4103,#4104,#4105,#4106));
#4103 = ORIENTED_EDGE('',*,*,#316,.T.);
#4104 = ORIENTED_EDGE('',*,*,#289,.T.);
#4105 = ORIENTED_EDGE('',*,*,#815,.F.);
#4106 = ORIENTED_EDGE('',*,*,#4107,.T.);
#4107 = EDGE_CURVE('',#342,#22,#4108,.T.);
#4108 = SURFACE_CURVE('',#4109,(#4113,#4120),.PCURVE_S1.);
#4109 = LINE('',#4110,#4111);
#4110 = CARTESIAN_POINT('',(13.121888160706,-2.,0.));
#4111 = VECTOR('',#4112,1.);
#4112 = DIRECTION('',(0.,0.,1.));
#4113 = PCURVE('',#304,#4114);
#4114 = DEFINITIONAL_REPRESENTATION('',(#4115),#4119);
#4115 = LINE('',#4116,#4117);
#4116 = CARTESIAN_POINT('',(-7.732034246034E-02,0.));
#4117 = VECTOR('',#4118,1.);
#4118 = DIRECTION('',(0.,1.));
#4119 = ( GEOMETRIC_REPRESENTATION_CONTEXT(2) 
PARAMETRIC_REPRESENTATION_CONTEXT() REPRESENTATION_CONTEXT('2D SPACE',''
  ) );
#4120 = PCURVE('',#128,#4121);
#4121 = DEFINITIONAL_REPRESENTATION('',(#4122),#4126);
#4122 = LINE('',#4123,#4124);
#4123 = CARTESIAN_POINT('',(0.,2.));
#4124 = VECTOR('',#4125,1.);
#4125 = DIRECTION('',(-1.,-0.));
#4126 = ( GEOMETRIC_REPRESENTATION_CONTEXT(2) 
PARAMETRIC_REPRESENTATION_CONTEXT() REPRESENTATION_CONTEXT('2D SPACE',''
  ) );
#4127 = ADVANCED_FACE('',(#4128),#190,.T.);
#4128 = FACE_BOUND('',#4129,.F.);
#4129 = EDGE_LOOP('',(#4130,#4131,#4152));
#4130 = ORIENTED_EDGE('',*,*,#173,.T.);
#4131 = ORIENTED_EDGE('',*,*,#4132,.F.);
#4132 = EDGE_CURVE('',#594,#174,#4133,.T.);
#4133 = SURFACE_CURVE('',#4134,(#4138,#4145),.PCURVE_S1.);
#4134 = LINE('',#4135,#4136);
#4135 = CARTESIAN_POINT('',(15.186165388781,8.016074061064E-02,
    0.577493717659));
#4136 = VECTOR('',#4137,1.);
#4137 = DIRECTION('',(-3.79460978782E-02,-9.901964418557E-03,
    0.999230726487));
#4138 = PCURVE('',#190,#4139);
#4139 = DEFINITIONAL_REPRESENTATION('',(#4140),#4144);
#4140 = LINE('',#4141,#4142);
#4141 = CARTESIAN_POINT('',(15.011738072546,-0.586323733236));
#4142 = VECTOR('',#4143,1.);
#4143 = DIRECTION('',(-3.902792749249E-02,-0.999238120207));
#4144 = ( GEOMETRIC_REPRESENTATION_CONTEXT(2) 
PARAMETRIC_REPRESENTATION_CONTEXT() REPRESENTATION_CONTEXT('2D SPACE',''
  ) );
#4145 = PCURVE('',#610,#4146);
#4146 = DEFINITIONAL_REPRESENTATION('',(#4147),#4151);
#4147 = LINE('',#4148,#4149);
#4148 = CARTESIAN_POINT('',(14.555522855359,-0.570819016192));
#4149 = VECTOR('',#4150,1.);
#4150 = DIRECTION('',(-3.918653990971E-02,-0.999231912566));
#4151 = ( GEOMETRIC_REPRESENTATION_CONTEXT(2) 
PARAMETRIC_REPRESENTATION_CONTEXT() REPRESENTATION_CONTEXT('2D SPACE',''
  ) );
#4152 = ORIENTED_EDGE('',*,*,#4153,.F.);
#4153 = EDGE_CURVE('',#145,#594,#4154,.T.);
#4154 = SURFACE_CURVE('',#4155,(#4159,#4166),.PCURVE_S1.);
#4155 = LINE('',#4156,#4157);
#4156 = CARTESIAN_POINT('',(13.85737085774,-0.124543796882,
    -0.900350695561));
#4157 = VECTOR('',#4158,1.);
#4158 = DIRECTION('',(-6.489186175089E-02,-6.391275809544E-03,
    -0.997871834392));
#4159 = PCURVE('',#190,#4160);
#4160 = DEFINITIONAL_REPRESENTATION('',(#4161),#4165);
#4161 = LINE('',#4162,#4163);
#4162 = CARTESIAN_POINT('',(13.667280363176,0.891531615164));
#4163 = VECTOR('',#4164,1.);
#4164 = DIRECTION('',(-6.509275052334E-02,0.997879218057));
#4165 = ( GEOMETRIC_REPRESENTATION_CONTEXT(2) 
PARAMETRIC_REPRESENTATION_CONTEXT() REPRESENTATION_CONTEXT('2D SPACE',''
  ) );
#4166 = PCURVE('',#639,#4167);
#4167 = DEFINITIONAL_REPRESENTATION('',(#4168),#4172);
#4168 = LINE('',#4169,#4170);
#4169 = CARTESIAN_POINT('',(13.778436735648,0.900350695561));
#4170 = VECTOR('',#4171,1.);
#4171 = DIRECTION('',(-6.520584427772E-02,0.997871834392));
#4172 = ( GEOMETRIC_REPRESENTATION_CONTEXT(2) 
PARAMETRIC_REPRESENTATION_CONTEXT() REPRESENTATION_CONTEXT('2D SPACE',''
  ) );
#4173 = ADVANCED_FACE('',(#4174),#639,.T.);
#4174 = FACE_BOUND('',#4175,.F.);
#4175 = EDGE_LOOP('',(#4176,#4177,#4198));
#4176 = ORIENTED_EDGE('',*,*,#622,.T.);
#4177 = ORIENTED_EDGE('',*,*,#4178,.F.);
#4178 = EDGE_CURVE('',#145,#623,#4179,.T.);
#4179 = SURFACE_CURVE('',#4180,(#4184,#4191),.PCURVE_S1.);
#4180 = LINE('',#4181,#4182);
#4181 = CARTESIAN_POINT('',(15.121888160706,2.211873499262E-14,0.));
#4182 = VECTOR('',#4183,1.);
#4183 = DIRECTION('',(0.,0.,-1.));
#4184 = PCURVE('',#639,#4185);
#4185 = DEFINITIONAL_REPRESENTATION('',(#4186),#4190);
#4186 = LINE('',#4187,#4188);
#4187 = CARTESIAN_POINT('',(15.049072468988,0.));
#4188 = VECTOR('',#4189,1.);
#4189 = DIRECTION('',(0.,1.));
#4190 = ( GEOMETRIC_REPRESENTATION_CONTEXT(2) 
PARAMETRIC_REPRESENTATION_CONTEXT() REPRESENTATION_CONTEXT('2D SPACE',''
  ) );
#4191 = PCURVE('',#912,#4192);
#4192 = DEFINITIONAL_REPRESENTATION('',(#4193),#4197);
#4193 = LINE('',#4194,#4195);
#4194 = CARTESIAN_POINT('',(0.,15.121888160706));
#4195 = VECTOR('',#4196,1.);
#4196 = DIRECTION('',(-1.,0.));
#4197 = ( GEOMETRIC_REPRESENTATION_CONTEXT(2) 
PARAMETRIC_REPRESENTATION_CONTEXT() REPRESENTATION_CONTEXT('2D SPACE',''
  ) );
#4198 = ORIENTED_EDGE('',*,*,#4153,.T.);
#4199 = ADVANCED_FACE('',(#4200),#610,.T.);
#4200 = FACE_BOUND('',#4201,.F.);
#4201 = EDGE_LOOP('',(#4202,#4203,#4204));
#4202 = ORIENTED_EDGE('',*,*,#593,.T.);
#4203 = ORIENTED_EDGE('',*,*,#4132,.T.);
#4204 = ORIENTED_EDGE('',*,*,#4205,.F.);
#4205 = EDGE_CURVE('',#565,#174,#4206,.T.);
#4206 = SURFACE_CURVE('',#4207,(#4211,#4218),.PCURVE_S1.);
#4207 = LINE('',#4208,#4209);
#4208 = CARTESIAN_POINT('',(14.040070656714,-0.268984529559,
    -0.342326796865));
#4209 = VECTOR('',#4210,1.);
#4210 = DIRECTION('',(2.454727655692E-02,9.0558932265E-03,0.999657652405
    ));
#4211 = PCURVE('',#610,#4212);
#4212 = DEFINITIONAL_REPRESENTATION('',(#4213),#4217);
#4213 = LINE('',#4214,#4215);
#4214 = CARTESIAN_POINT('',(13.35742705535,0.349002590152));
#4215 = VECTOR('',#4216,1.);
#4216 = DIRECTION('',(2.611906639132E-02,-0.99965883899));
#4217 = ( GEOMETRIC_REPRESENTATION_CONTEXT(2) 
PARAMETRIC_REPRESENTATION_CONTEXT() REPRESENTATION_CONTEXT('2D SPACE',''
  ) );
#4218 = PCURVE('',#581,#4219);
#4219 = DEFINITIONAL_REPRESENTATION('',(#4220),#4224);
#4220 = LINE('',#4221,#4222);
#4221 = CARTESIAN_POINT('',(12.255431255756,0.317739079549));
#4222 = VECTOR('',#4223,1.);
#4223 = DIRECTION('',(2.591767993894E-02,-0.999664080512));
#4224 = ( GEOMETRIC_REPRESENTATION_CONTEXT(2) 
PARAMETRIC_REPRESENTATION_CONTEXT() REPRESENTATION_CONTEXT('2D SPACE',''
  ) );
#4225 = ADVANCED_FACE('',(#4226),#581,.T.);
#4226 = FACE_BOUND('',#4227,.T.);
#4227 = EDGE_LOOP('',(#4228,#4229,#4255));
#4228 = ORIENTED_EDGE('',*,*,#564,.T.);
#4229 = ORIENTED_EDGE('',*,*,#4230,.T.);
#4230 = EDGE_CURVE('',#536,#174,#4231,.T.);
#4231 = SURFACE_CURVE('',#4232,(#4236,#4243),.PCURVE_S1.);
#4232 = LINE('',#4233,#4234);
#4233 = CARTESIAN_POINT('',(14.010747909546,-0.337060779333,
    12.544710159302));
#4234 = VECTOR('',#4235,1.);
#4235 = DIRECTION('',(8.184375971965E-02,3.969704443114E-02,
    0.995854278325));
#4236 = PCURVE('',#581,#4237);
#4237 = DEFINITIONAL_REPRESENTATION('',(#4238),#4242);
#4238 = LINE('',#4239,#4240);
#4239 = CARTESIAN_POINT('',(12.1974799311,-12.56938074424));
#4240 = VECTOR('',#4241,1.);
#4241 = DIRECTION('',(9.089280551732E-02,-0.995860681976));
#4242 = ( GEOMETRIC_REPRESENTATION_CONTEXT(2) 
PARAMETRIC_REPRESENTATION_CONTEXT() REPRESENTATION_CONTEXT('2D SPACE',''
  ) );
#4243 = PCURVE('',#4244,#4249);
#4244 = PLANE('',#4245);
#4245 = AXIS2_PLACEMENT_3D('',#4246,#4247,#4248);
#4246 = CARTESIAN_POINT('',(3.01382667645,-5.914984272707,
    -1.190486712654E-02));
#4247 = DIRECTION('',(-0.453988771917,0.89100559991,1.793293572204E-03)
  );
#4248 = DIRECTION('',(0.891007032607,0.453989501911,-7.372855223893E-20)
  );
#4249 = DEFINITIONAL_REPRESENTATION('',(#4250),#4254);
#4250 = LINE('',#4251,#4252);
#4251 = CARTESIAN_POINT('',(12.330652864165,-12.55663521689));
#4252 = VECTOR('',#4253,1.);
#4253 = DIRECTION('',(9.094540691382E-02,-0.995855879614));
#4254 = ( GEOMETRIC_REPRESENTATION_CONTEXT(2) 
PARAMETRIC_REPRESENTATION_CONTEXT() REPRESENTATION_CONTEXT('2D SPACE',''
  ) );
#4255 = ORIENTED_EDGE('',*,*,#4205,.F.);
#4256 = ADVANCED_FACE('',(#4257),#4244,.T.);
#4257 = FACE_BOUND('',#4258,.F.);
#4258 = EDGE_LOOP('',(#4259,#4260,#4281));
#4259 = ORIENTED_EDGE('',*,*,#4230,.T.);
#4260 = ORIENTED_EDGE('',*,*,#4261,.F.);
#4261 = EDGE_CURVE('',#203,#174,#4262,.T.);
#4262 = SURFACE_CURVE('',#4263,(#4267,#4274),.PCURVE_S1.);
#4263 = LINE('',#4264,#4265);
#4264 = CARTESIAN_POINT('',(3.028892454427,-5.944656036151,
    18.544678363376));
#4265 = VECTOR('',#4266,1.);
#4266 = DIRECTION('',(0.891007034664,0.453989497866,2.530359449766E-06)
  );
#4267 = PCURVE('',#4244,#4268);
#4268 = DEFINITIONAL_REPRESENTATION('',(#4269),#4273);
#4269 = LINE('',#4270,#4271);
#4270 = CARTESIAN_POINT('',(-4.695497673549E-05,-18.55661306865));
#4271 = VECTOR('',#4272,1.);
#4272 = DIRECTION('',(0.999999999997,-2.530363518469E-06));
#4273 = ( GEOMETRIC_REPRESENTATION_CONTEXT(2) 
PARAMETRIC_REPRESENTATION_CONTEXT() REPRESENTATION_CONTEXT('2D SPACE',''
  ) );
#4274 = PCURVE('',#219,#4275);
#4275 = DEFINITIONAL_REPRESENTATION('',(#4276),#4280);
#4276 = LINE('',#4277,#4278);
#4277 = CARTESIAN_POINT('',(-4.856697514621E-05,-19.10352846741));
#4278 = VECTOR('',#4279,1.);
#4279 = DIRECTION('',(0.999999999997,-2.542303911502E-06));
#4280 = ( GEOMETRIC_REPRESENTATION_CONTEXT(2) 
PARAMETRIC_REPRESENTATION_CONTEXT() REPRESENTATION_CONTEXT('2D SPACE',''
  ) );
#4281 = ORIENTED_EDGE('',*,*,#4282,.F.);
#4282 = EDGE_CURVE('',#536,#203,#4283,.T.);
#4283 = SURFACE_CURVE('',#4284,(#4288,#4295),.PCURVE_S1.);
#4284 = LINE('',#4285,#4286);
#4285 = CARTESIAN_POINT('',(14.143848298914,-0.24429667514,
    0.150055798196));
#4286 = VECTOR('',#4287,1.);
#4287 = DIRECTION('',(-1.07376119538E-02,-7.483561534212E-03,
    0.99991434633));
#4288 = PCURVE('',#4244,#4289);
#4289 = DEFINITIONAL_REPRESENTATION('',(#4290),#4294);
#4290 = LINE('',#4291,#4292);
#4291 = CARTESIAN_POINT('',(12.491360176592,-0.161960925748));
#4292 = VECTOR('',#4293,1.);
#4293 = DIRECTION('',(-1.296474613767E-02,-0.999915954147));
#4294 = ( GEOMETRIC_REPRESENTATION_CONTEXT(2) 
PARAMETRIC_REPRESENTATION_CONTEXT() REPRESENTATION_CONTEXT('2D SPACE',''
  ) );
#4295 = PCURVE('',#552,#4296);
#4296 = DEFINITIONAL_REPRESENTATION('',(#4297),#4301);
#4297 = LINE('',#4298,#4299);
#4298 = CARTESIAN_POINT('',(10.778374788809,-0.140646146645));
#4299 = VECTOR('',#4300,1.);
#4300 = DIRECTION('',(-1.304780885035E-02,-0.999914873719));
#4301 = ( GEOMETRIC_REPRESENTATION_CONTEXT(2) 
PARAMETRIC_REPRESENTATION_CONTEXT() REPRESENTATION_CONTEXT('2D SPACE',''
  ) );
#4302 = ADVANCED_FACE('',(#4303),#552,.F.);
#4303 = FACE_BOUND('',#4304,.F.);
#4304 = EDGE_LOOP('',(#4305,#4306,#4307));
#4305 = ORIENTED_EDGE('',*,*,#770,.T.);
#4306 = ORIENTED_EDGE('',*,*,#535,.T.);
#4307 = ORIENTED_EDGE('',*,*,#4282,.T.);
#4308 = ADVANCED_FACE('',(#4309),#3006,.F.);
#4309 = FACE_BOUND('',#4310,.F.);
#4310 = EDGE_LOOP('',(#4311,#4312));
#4311 = ORIENTED_EDGE('',*,*,#2989,.T.);
#4312 = ORIENTED_EDGE('',*,*,#3307,.T.);
#4313 = ADVANCED_FACE('',(#4314),#2919,.F.);
#4314 = FACE_BOUND('',#4315,.F.);
#4315 = EDGE_LOOP('',(#4316,#4317));
#4316 = ORIENTED_EDGE('',*,*,#2902,.T.);
#4317 = ORIENTED_EDGE('',*,*,#3488,.T.);
#4318 = ADVANCED_FACE('',(#4319),#1398,.T.);
#4319 = FACE_BOUND('',#4320,.T.);
#4320 = EDGE_LOOP('',(#4321,#4322));
#4321 = ORIENTED_EDGE('',*,*,#1382,.T.);
#4322 = ORIENTED_EDGE('',*,*,#2225,.F.);
#4323 = ADVANCED_FACE('',(#4324),#2191,.F.);
#4324 = FACE_BOUND('',#4325,.F.);
#4325 = EDGE_LOOP('',(#4326,#4327,#4328));
#4326 = ORIENTED_EDGE('',*,*,#2203,.T.);
#4327 = ORIENTED_EDGE('',*,*,#2174,.T.);
#4328 = ORIENTED_EDGE('',*,*,#3839,.T.);
#4329 = ADVANCED_FACE('',(#4330),#1499,.F.);
#4330 = FACE_BOUND('',#4331,.F.);
#4331 = EDGE_LOOP('',(#4332,#4333));
#4332 = ORIENTED_EDGE('',*,*,#1482,.T.);
#4333 = ORIENTED_EDGE('',*,*,#4048,.T.);
#4334 = ADVANCED_FACE('',(#4335),#452,.T.);
#4335 = FACE_BOUND('',#4336,.T.);
#4336 = EDGE_LOOP('',(#4337,#4338));
#4337 = ORIENTED_EDGE('',*,*,#435,.T.);
#4338 = ORIENTED_EDGE('',*,*,#1435,.F.);
#4339 = ADVANCED_FACE('',(#4340),#912,.T.);
#4340 = FACE_BOUND('',#4341,.F.);
#4341 = EDGE_LOOP('',(#4342,#4343,#4344,#4345));
#4342 = ORIENTED_EDGE('',*,*,#898,.T.);
#4343 = ORIENTED_EDGE('',*,*,#3230,.T.);
#4344 = ORIENTED_EDGE('',*,*,#2624,.F.);
#4345 = ORIENTED_EDGE('',*,*,#4178,.T.);
#4346 = ADVANCED_FACE('',(#4347),#277,.T.);
#4347 = FACE_BOUND('',#4348,.T.);
#4348 = EDGE_LOOP('',(#4349,#4350));
#4349 = ORIENTED_EDGE('',*,*,#793,.T.);
#4350 = ORIENTED_EDGE('',*,*,#260,.F.);
#4351 = ADVANCED_FACE('',(#4352),#219,.F.);
#4352 = FACE_BOUND('',#4353,.F.);
#4353 = EDGE_LOOP('',(#4354,#4355));
#4354 = ORIENTED_EDGE('',*,*,#202,.T.);
#4355 = ORIENTED_EDGE('',*,*,#4261,.T.);
#4356 = ADVANCED_FACE('',(#4357),#1795,.T.);
#4357 = FACE_BOUND('',#4358,.T.);
#4358 = EDGE_LOOP('',(#4359,#4360,#4361,#4382));
#4359 = ORIENTED_EDGE('',*,*,#1779,.T.);
#4360 = ORIENTED_EDGE('',*,*,#2079,.F.);
#4361 = ORIENTED_EDGE('',*,*,#4362,.T.);
#4362 = EDGE_CURVE('',#2080,#1541,#4363,.T.);
#4363 = SURFACE_CURVE('',#4364,(#4368,#4375),.PCURVE_S1.);
#4364 = LINE('',#4365,#4366);
#4365 = CARTESIAN_POINT('',(15.121888160706,-10.,0.));
#4366 = VECTOR('',#4367,1.);
#4367 = DIRECTION('',(0.,-0.,-1.));
#4368 = PCURVE('',#1795,#4369);
#4369 = DEFINITIONAL_REPRESENTATION('',(#4370),#4374);
#4370 = LINE('',#4371,#4372);
#4371 = CARTESIAN_POINT('',(0.,15.121888160706));
#4372 = VECTOR('',#4373,1.);
#4373 = DIRECTION('',(1.,0.));
#4374 = ( GEOMETRIC_REPRESENTATION_CONTEXT(2) 
PARAMETRIC_REPRESENTATION_CONTEXT() REPRESENTATION_CONTEXT('2D SPACE',''
  ) );
#4375 = PCURVE('',#3089,#4376);
#4376 = DEFINITIONAL_REPRESENTATION('',(#4377),#4381);
#4377 = LINE('',#4378,#4379);
#4378 = CARTESIAN_POINT('',(-16.50005921393,-0.));
#4379 = VECTOR('',#4380,1.);
#4380 = DIRECTION('',(0.,1.));
#4381 = ( GEOMETRIC_REPRESENTATION_CONTEXT(2) 
PARAMETRIC_REPRESENTATION_CONTEXT() REPRESENTATION_CONTEXT('2D SPACE',''
  ) );
#4382 = ORIENTED_EDGE('',*,*,#2413,.T.);
#4383 = ADVANCED_FACE('',(#4384),#3118,.F.);
#4384 = FACE_BOUND('',#4385,.F.);
#4385 = EDGE_LOOP('',(#4386,#4387));
#4386 = ORIENTED_EDGE('',*,*,#3101,.T.);
#4387 = ORIENTED_EDGE('',*,*,#4388,.F.);
#4388 = EDGE_CURVE('',#3102,#3073,#4389,.T.);
#4389 = SURFACE_CURVE('',#4390,(#4394,#4401),.PCURVE_S1.);
#4390 = LINE('',#4391,#4392);
#4391 = CARTESIAN_POINT('',(-1.016019695939,-1.994348903506,
    18.544834204607));
#4392 = VECTOR('',#4393,1.);
#4393 = DIRECTION('',(0.891006685306,-0.45399018347,-7.251783436648E-06)
  );
#4394 = PCURVE('',#3118,#4395);
#4395 = DEFINITIONAL_REPRESENTATION('',(#4396),#4400);
#4396 = LINE('',#4397,#4398);
#4397 = CARTESIAN_POINT('',(-1.329041850836E-04,-18.2409999428));
#4398 = VECTOR('',#4399,1.);
#4399 = DIRECTION('',(-0.999999999973,7.286014226035E-06));
#4400 = ( GEOMETRIC_REPRESENTATION_CONTEXT(2) 
PARAMETRIC_REPRESENTATION_CONTEXT() REPRESENTATION_CONTEXT('2D SPACE',''
  ) );
#4401 = PCURVE('',#4402,#4407);
#4402 = PLANE('',#4403);
#4403 = AXIS2_PLACEMENT_3D('',#4404,#4405,#4406);
#4404 = CARTESIAN_POINT('',(-1.042030789101,-2.045102481058,
    7.061291986083E-03));
#4405 = DIRECTION('',(-0.453988015212,-0.891002478998,3.076436864559E-03
    ));
#4406 = DIRECTION('',(-0.891006695458,0.453990163604,7.497268408296E-20)
  );
#4407 = DEFINITIONAL_REPRESENTATION('',(#4408),#4412);
#4408 = LINE('',#4409,#4410);
#4409 = CARTESIAN_POINT('',(-1.344331869014E-04,-18.53786063828));
#4410 = VECTOR('',#4411,1.);
#4411 = DIRECTION('',(-0.999999999974,7.251817754012E-06));
#4412 = ( GEOMETRIC_REPRESENTATION_CONTEXT(2) 
PARAMETRIC_REPRESENTATION_CONTEXT() REPRESENTATION_CONTEXT('2D SPACE',''
  ) );
#4413 = ADVANCED_FACE('',(#4414),#2530,.T.);
#4414 = FACE_BOUND('',#4415,.T.);
#4415 = EDGE_LOOP('',(#4416,#4417));
#4416 = ORIENTED_EDGE('',*,*,#2513,.T.);
#4417 = ORIENTED_EDGE('',*,*,#3153,.F.);
#4418 = ADVANCED_FACE('',(#4419),#73,.T.);
#4419 = FACE_BOUND('',#4420,.T.);
#4420 = EDGE_LOOP('',(#4421,#4422,#4423,#4449));
#4421 = ORIENTED_EDGE('',*,*,#57,.T.);
#4422 = ORIENTED_EDGE('',*,*,#2126,.T.);
#4423 = ORIENTED_EDGE('',*,*,#4424,.T.);
#4424 = EDGE_CURVE('',#1943,#2575,#4425,.T.);
#4425 = SURFACE_CURVE('',#4426,(#4430,#4437),.PCURVE_S1.);
#4426 = LINE('',#4427,#4428);
#4427 = CARTESIAN_POINT('',(21.121887207031,0.,20.544710159302));
#4428 = VECTOR('',#4429,1.);
#4429 = DIRECTION('',(0.,1.,0.));
#4430 = PCURVE('',#73,#4431);
#4431 = DEFINITIONAL_REPRESENTATION('',(#4432),#4436);
#4432 = LINE('',#4433,#4434);
#4433 = CARTESIAN_POINT('',(21.121887207031,0.));
#4434 = VECTOR('',#4435,1.);
#4435 = DIRECTION('',(0.,1.));
#4436 = ( GEOMETRIC_REPRESENTATION_CONTEXT(2) 
PARAMETRIC_REPRESENTATION_CONTEXT() REPRESENTATION_CONTEXT('2D SPACE',''
  ) );
#4437 = PCURVE('',#4438,#4443);
#4438 = PLANE('',#4439);
#4439 = AXIS2_PLACEMENT_3D('',#4440,#4441,#4442);
#4440 = CARTESIAN_POINT('',(3.691300654425,0.,23.305498001873));
#4441 = DIRECTION('',(0.15643745814,0.,0.98768786653));
#4442 = DIRECTION('',(0.98768786653,0.,-0.15643745814));
#4443 = DEFINITIONAL_REPRESENTATION('',(#4444),#4448);
#4444 = LINE('',#4445,#4446);
#4445 = CARTESIAN_POINT('',(17.647869477067,0.));
#4446 = VECTOR('',#4447,1.);
#4447 = DIRECTION('',(0.,1.));
#4448 = ( GEOMETRIC_REPRESENTATION_CONTEXT(2) 
PARAMETRIC_REPRESENTATION_CONTEXT() REPRESENTATION_CONTEXT('2D SPACE',''
  ) );
#4449 = ORIENTED_EDGE('',*,*,#2602,.F.);
#4450 = ADVANCED_FACE('',(#4451),#1848,.T.);
#4451 = FACE_BOUND('',#4452,.T.);
#4452 = EDGE_LOOP('',(#4453,#4474,#4475,#4476,#4477));
#4453 = ORIENTED_EDGE('',*,*,#4454,.T.);
#4454 = EDGE_CURVE('',#2820,#1717,#4455,.T.);
#4455 = SURFACE_CURVE('',#4456,(#4460,#4467),.PCURVE_S1.);
#4456 = LINE('',#4457,#4458);
#4457 = CARTESIAN_POINT('',(23.121887207031,0.,18.544710159302));
#4458 = VECTOR('',#4459,1.);
#4459 = DIRECTION('',(0.,-1.,0.));
#4460 = PCURVE('',#1848,#4461);
#4461 = DEFINITIONAL_REPRESENTATION('',(#4462),#4466);
#4462 = LINE('',#4463,#4464);
#4463 = CARTESIAN_POINT('',(18.544710159302,0.));
#4464 = VECTOR('',#4465,1.);
#4465 = DIRECTION('',(0.,1.));
#4466 = ( GEOMETRIC_REPRESENTATION_CONTEXT(2) 
PARAMETRIC_REPRESENTATION_CONTEXT() REPRESENTATION_CONTEXT('2D SPACE',''
  ) );
#4467 = PCURVE('',#2890,#4468);
#4468 = DEFINITIONAL_REPRESENTATION('',(#4469),#4473);
#4469 = LINE('',#4470,#4471);
#4470 = CARTESIAN_POINT('',(16.189081975831,0.));
#4471 = VECTOR('',#4472,1.);
#4472 = DIRECTION('',(0.,1.));
#4473 = ( GEOMETRIC_REPRESENTATION_CONTEXT(2) 
PARAMETRIC_REPRESENTATION_CONTEXT() REPRESENTATION_CONTEXT('2D SPACE',''
  ) );
#4474 = ORIENTED_EDGE('',*,*,#1834,.F.);
#4475 = ORIENTED_EDGE('',*,*,#3616,.F.);
#4476 = ORIENTED_EDGE('',*,*,#3637,.F.);
#4477 = ORIENTED_EDGE('',*,*,#3591,.F.);
#4478 = ADVANCED_FACE('',(#4479),#128,.T.);
#4479 = FACE_BOUND('',#4480,.T.);
#4480 = EDGE_LOOP('',(#4481,#4482,#4503,#4504));
#4481 = ORIENTED_EDGE('',*,*,#488,.T.);
#4482 = ORIENTED_EDGE('',*,*,#4483,.T.);
#4483 = EDGE_CURVE('',#465,#86,#4484,.T.);
#4484 = SURFACE_CURVE('',#4485,(#4489,#4496),.PCURVE_S1.);
#4485 = LINE('',#4486,#4487);
#4486 = CARTESIAN_POINT('',(13.121888160706,-8.,0.));
#4487 = VECTOR('',#4488,1.);
#4488 = DIRECTION('',(0.,0.,1.));
#4489 = PCURVE('',#128,#4490);
#4490 = DEFINITIONAL_REPRESENTATION('',(#4491),#4495);
#4491 = LINE('',#4492,#4493);
#4492 = CARTESIAN_POINT('',(0.,8.));
#4493 = VECTOR('',#4494,1.);
#4494 = DIRECTION('',(-1.,-0.));
#4495 = ( GEOMETRIC_REPRESENTATION_CONTEXT(2) 
PARAMETRIC_REPRESENTATION_CONTEXT() REPRESENTATION_CONTEXT('2D SPACE',''
  ) );
#4496 = PCURVE('',#1700,#4497);
#4497 = DEFINITIONAL_REPRESENTATION('',(#4498),#4502);
#4498 = LINE('',#4499,#4500);
#4499 = CARTESIAN_POINT('',(9.247642364144,0.));
#4500 = VECTOR('',#4501,1.);
#4501 = DIRECTION('',(0.,1.));
#4502 = ( GEOMETRIC_REPRESENTATION_CONTEXT(2) 
PARAMETRIC_REPRESENTATION_CONTEXT() REPRESENTATION_CONTEXT('2D SPACE',''
  ) );
#4503 = ORIENTED_EDGE('',*,*,#114,.F.);
#4504 = ORIENTED_EDGE('',*,*,#4107,.F.);
#4505 = ADVANCED_FACE('',(#4506),#1985,.F.);
#4506 = FACE_BOUND('',#4507,.F.);
#4507 = EDGE_LOOP('',(#4508,#4509,#4510,#4531));
#4508 = ORIENTED_EDGE('',*,*,#2055,.T.);
#4509 = ORIENTED_EDGE('',*,*,#2149,.T.);
#4510 = ORIENTED_EDGE('',*,*,#4511,.F.);
#4511 = EDGE_CURVE('',#1943,#1943,#4512,.T.);
#4512 = SURFACE_CURVE('',#4513,(#4517,#4524),.PCURVE_S1.);
#4513 = LINE('',#4514,#4515);
#4514 = CARTESIAN_POINT('',(3.691068679503,-7.999472661067,
    23.305534743812));
#4515 = VECTOR('',#4516,1.);
#4516 = DIRECTION('',(-0.987687866104,2.936026434249E-05,0.156437458072)
  );
#4517 = PCURVE('',#1985,#4518);
#4518 = DEFINITIONAL_REPRESENTATION('',(#4519),#4523);
#4519 = LINE('',#4520,#4521);
#4520 = CARTESIAN_POINT('',(-1.67473441421E-04,-5.677285736277));
#4521 = VECTOR('',#4522,1.);
#4522 = DIRECTION('',(-0.999999999565,2.949885722292E-05));
#4523 = ( GEOMETRIC_REPRESENTATION_CONTEXT(2) 
PARAMETRIC_REPRESENTATION_CONTEXT() REPRESENTATION_CONTEXT('2D SPACE',''
  ) );
#4524 = PCURVE('',#4438,#4525);
#4525 = DEFINITIONAL_REPRESENTATION('',(#4526),#4530);
#4526 = LINE('',#4527,#4528);
#4527 = CARTESIAN_POINT('',(-2.348666320312E-04,-7.999472661067));
#4528 = VECTOR('',#4529,1.);
#4529 = DIRECTION('',(-0.999999999569,2.936026434249E-05));
#4530 = ( GEOMETRIC_REPRESENTATION_CONTEXT(2) 
PARAMETRIC_REPRESENTATION_CONTEXT() REPRESENTATION_CONTEXT('2D SPACE',''
  ) );
#4531 = ORIENTED_EDGE('',*,*,#1970,.T.);
#4532 = ADVANCED_FACE('',(#4533),#1738,.F.);
#4533 = FACE_BOUND('',#4534,.F.);
#4534 = EDGE_LOOP('',(#4535,#4536,#4562));
#4535 = ORIENTED_EDGE('',*,*,#1716,.T.);
#4536 = ORIENTED_EDGE('',*,*,#4537,.T.);
#4537 = EDGE_CURVE('',#1717,#1717,#4538,.T.);
#4538 = SURFACE_CURVE('',#4539,(#4543,#4550),.PCURVE_S1.);
#4539 = LINE('',#4540,#4541);
#4540 = CARTESIAN_POINT('',(25.421385422029,-7.999819285294,
    4.026256124143));
#4541 = VECTOR('',#4542,1.);
#4542 = DIRECTION('',(-0.156434530305,-1.203777796076E-05,0.987688330185
    ));
#4543 = PCURVE('',#1738,#4544);
#4544 = DEFINITIONAL_REPRESENTATION('',(#4545),#4549);
#4545 = LINE('',#4546,#4547);
#4546 = CARTESIAN_POINT('',(-6.616071228035E-05,5.470269189059));
#4547 = VECTOR('',#4548,1.);
#4548 = DIRECTION('',(0.999999999927,1.209459900218E-05));
#4549 = ( GEOMETRIC_REPRESENTATION_CONTEXT(2) 
PARAMETRIC_REPRESENTATION_CONTEXT() REPRESENTATION_CONTEXT('2D SPACE',''
  ) );
#4550 = PCURVE('',#4551,#4556);
#4551 = PLANE('',#4552);
#4552 = AXIS2_PLACEMENT_3D('',#4553,#4554,#4555);
#4553 = CARTESIAN_POINT('',(25.451389731812,-9.913011595338E-02,
    4.031104634249));
#4554 = DIRECTION('',(0.987681029254,-3.84689936332E-03,0.156433327065)
  );
#4555 = DIRECTION('',(-0.156434484578,-4.945146316523E-20,0.987688337501
    ));
#4556 = DEFINITIONAL_REPRESENTATION('',(#4557),#4561);
#4557 = LINE('',#4558,#4559);
#4558 = CARTESIAN_POINT('',(-9.510814943531E-05,7.900747629696));
#4559 = VECTOR('',#4560,1.);
#4560 = DIRECTION('',(0.999999999928,1.203786703309E-05));
#4561 = ( GEOMETRIC_REPRESENTATION_CONTEXT(2) 
PARAMETRIC_REPRESENTATION_CONTEXT() REPRESENTATION_CONTEXT('2D SPACE',''
  ) );
#4562 = ORIENTED_EDGE('',*,*,#1891,.T.);
#4563 = ADVANCED_FACE('',(#4564),#857,.T.);
#4564 = FACE_BOUND('',#4565,.T.);
#4565 = EDGE_LOOP('',(#4566,#4567,#4568,#4569));
#4566 = ORIENTED_EDGE('',*,*,#841,.T.);
#4567 = ORIENTED_EDGE('',*,*,#3756,.F.);
#4568 = ORIENTED_EDGE('',*,*,#2435,.F.);
#4569 = ORIENTED_EDGE('',*,*,#3970,.F.);
#4570 = ADVANCED_FACE('',(#4571),#1586,.T.);
#4571 = FACE_BOUND('',#4572,.T.);
#4572 = EDGE_LOOP('',(#4573,#4574,#4595));
#4573 = ORIENTED_EDGE('',*,*,#1569,.T.);
#4574 = ORIENTED_EDGE('',*,*,#4575,.F.);
#4575 = EDGE_CURVE('',#3073,#1541,#4576,.T.);
#4576 = SURFACE_CURVE('',#4577,(#4581,#4588),.PCURVE_S1.);
#4577 = LINE('',#4578,#4579);
#4578 = CARTESIAN_POINT('',(16.224817054004,-10.1746870674,
    1.837241497978));
#4579 = VECTOR('',#4580,1.);
#4580 = DIRECTION('',(0.102449936263,-1.622650293256E-02,-0.994605806922
    ));
#4581 = PCURVE('',#1586,#4582);
#4582 = DEFINITIONAL_REPRESENTATION('',(#4583),#4587);
#4583 = LINE('',#4584,#4585);
#4584 = CARTESIAN_POINT('',(-17.14397806358,-1.784803035014));
#4585 = VECTOR('',#4586,1.);
#4586 = DIRECTION('',(-0.103547083089,0.994624553077));
#4587 = ( GEOMETRIC_REPRESENTATION_CONTEXT(2) 
PARAMETRIC_REPRESENTATION_CONTEXT() REPRESENTATION_CONTEXT('2D SPACE',''
  ) );
#4588 = PCURVE('',#3089,#4589);
#4589 = DEFINITIONAL_REPRESENTATION('',(#4590),#4594);
#4590 = LINE('',#4591,#4592);
#4591 = CARTESIAN_POINT('',(-17.61673630028,-1.837241497978));
#4592 = VECTOR('',#4593,1.);
#4593 = DIRECTION('',(-0.103726991848,0.994605806922));
#4594 = ( GEOMETRIC_REPRESENTATION_CONTEXT(2) 
PARAMETRIC_REPRESENTATION_CONTEXT() REPRESENTATION_CONTEXT('2D SPACE',''
  ) );
#4595 = ORIENTED_EDGE('',*,*,#4596,.T.);
#4596 = EDGE_CURVE('',#3073,#1570,#4597,.T.);
#4597 = SURFACE_CURVE('',#4598,(#4602,#4609),.PCURVE_S1.);
#4598 = LINE('',#4599,#4600);
#4599 = CARTESIAN_POINT('',(15.18240796328,-10.07918092723,0.67643762027
    ));
#4600 = VECTOR('',#4601,1.);
#4601 = DIRECTION('',(3.794609786234E-02,-9.902006601899E-03,
    -0.99923072607));
#4602 = PCURVE('',#1586,#4603);
#4603 = DEFINITIONAL_REPRESENTATION('',(#4604),#4608);
#4604 = LINE('',#4605,#4606);
#4605 = CARTESIAN_POINT('',(-16.09722721397,-0.623977278679));
#4606 = VECTOR('',#4607,1.);
#4607 = DIRECTION('',(-3.873393923716E-02,0.999249559395));
#4608 = ( GEOMETRIC_REPRESENTATION_CONTEXT(2) 
PARAMETRIC_REPRESENTATION_CONTEXT() REPRESENTATION_CONTEXT('2D SPACE',''
  ) );
#4609 = PCURVE('',#1615,#4610);
#4610 = DEFINITIONAL_REPRESENTATION('',(#4611),#4615);
#4611 = LINE('',#4612,#4613);
#4612 = CARTESIAN_POINT('',(-17.45449130528,-0.684507095234));
#4613 = VECTOR('',#4614,1.);
#4614 = DIRECTION('',(-3.918655213972E-02,0.999231912086));
#4615 = ( GEOMETRIC_REPRESENTATION_CONTEXT(2) 
PARAMETRIC_REPRESENTATION_CONTEXT() REPRESENTATION_CONTEXT('2D SPACE',''
  ) );
#4616 = ADVANCED_FACE('',(#4617),#3089,.T.);
#4617 = FACE_BOUND('',#4618,.T.);
#4618 = EDGE_LOOP('',(#4619,#4620,#4621));
#4619 = ORIENTED_EDGE('',*,*,#3072,.T.);
#4620 = ORIENTED_EDGE('',*,*,#4575,.T.);
#4621 = ORIENTED_EDGE('',*,*,#4362,.F.);
#4622 = ADVANCED_FACE('',(#4623),#1615,.T.);
#4623 = FACE_BOUND('',#4624,.F.);
#4624 = EDGE_LOOP('',(#4625,#4626,#4647));
#4625 = ORIENTED_EDGE('',*,*,#1598,.T.);
#4626 = ORIENTED_EDGE('',*,*,#4627,.F.);
#4627 = EDGE_CURVE('',#3073,#1599,#4628,.T.);
#4628 = SURFACE_CURVE('',#4629,(#4633,#4640),.PCURVE_S1.);
#4629 = LINE('',#4630,#4631);
#4630 = CARTESIAN_POINT('',(14.037847691478,-9.730196108806,
    -0.432854322549));
#4631 = VECTOR('',#4632,1.);
#4632 = DIRECTION('',(-2.45472765663E-02,9.055851024459E-03,
    -0.999657652787));
#4633 = PCURVE('',#1615,#4634);
#4634 = DEFINITIONAL_REPRESENTATION('',(#4635),#4639);
#4635 = LINE('',#4636,#4637);
#4636 = CARTESIAN_POINT('',(-16.25791046883,0.424786164237));
#4637 = VECTOR('',#4638,1.);
#4638 = DIRECTION('',(2.611905414968E-02,0.99965883931));
#4639 = ( GEOMETRIC_REPRESENTATION_CONTEXT(2) 
PARAMETRIC_REPRESENTATION_CONTEXT() REPRESENTATION_CONTEXT('2D SPACE',''
  ) );
#4640 = PCURVE('',#4402,#4641);
#4641 = DEFINITIONAL_REPRESENTATION('',(#4642),#4646);
#4642 = LINE('',#4643,#4644);
#4643 = CARTESIAN_POINT('',(-16.92522960626,0.439917696333));
#4644 = VECTOR('',#4645,1.);
#4645 = DIRECTION('',(2.5983055064E-02,0.999662383432));
#4646 = ( GEOMETRIC_REPRESENTATION_CONTEXT(2) 
PARAMETRIC_REPRESENTATION_CONTEXT() REPRESENTATION_CONTEXT('2D SPACE',''
  ) );
#4647 = ORIENTED_EDGE('',*,*,#4596,.T.);
#4648 = ADVANCED_FACE('',(#4649),#4402,.T.);
#4649 = FACE_BOUND('',#4650,.F.);
#4650 = EDGE_LOOP('',(#4651,#4652,#4653));
#4651 = ORIENTED_EDGE('',*,*,#4388,.T.);
#4652 = ORIENTED_EDGE('',*,*,#4627,.T.);
#4653 = ORIENTED_EDGE('',*,*,#4654,.T.);
#4654 = EDGE_CURVE('',#1599,#3102,#4655,.T.);
#4655 = SURFACE_CURVE('',#4656,(#4660,#4667),.PCURVE_S1.);
#4656 = LINE('',#4657,#4658);
#4657 = CARTESIAN_POINT('',(14.356520652771,-9.847759246826,
    12.544710159302));
#4658 = VECTOR('',#4659,1.);
#4659 = DIRECTION('',(-6.815839506517E-02,3.817063444836E-02,
    0.996944048504));
#4660 = PCURVE('',#4402,#4661);
#4661 = DEFINITIONAL_REPRESENTATION('',(#4662),#4666);
#4662 = LINE('',#4663,#4664);
#4663 = CARTESIAN_POINT('',(-17.26254185669,-12.53770819879));
#4664 = VECTOR('',#4665,1.);
#4665 = DIRECTION('',(7.805867893281E-02,-0.996948766308));
#4666 = ( GEOMETRIC_REPRESENTATION_CONTEXT(2) 
PARAMETRIC_REPRESENTATION_CONTEXT() REPRESENTATION_CONTEXT('2D SPACE',''
  ) );
#4667 = PCURVE('',#1644,#4668);
#4668 = DEFINITIONAL_REPRESENTATION('',(#4669),#4673);
#4669 = LINE('',#4670,#4671);
#4670 = CARTESIAN_POINT('',(-17.30352584157,-12.54174572175));
#4671 = VECTOR('',#4672,1.);
#4672 = DIRECTION('',(7.81038532107E-02,-0.996945228242));
#4673 = ( GEOMETRIC_REPRESENTATION_CONTEXT(2) 
PARAMETRIC_REPRESENTATION_CONTEXT() REPRESENTATION_CONTEXT('2D SPACE',''
  ) );
#4674 = ADVANCED_FACE('',(#4675),#1644,.T.);
#4675 = FACE_BOUND('',#4676,.T.);
#4676 = EDGE_LOOP('',(#4677,#4678,#4679));
#4677 = ORIENTED_EDGE('',*,*,#1627,.T.);
#4678 = ORIENTED_EDGE('',*,*,#4654,.T.);
#4679 = ORIENTED_EDGE('',*,*,#4680,.T.);
#4680 = EDGE_CURVE('',#3102,#1628,#4681,.T.);
#4681 = SURFACE_CURVE('',#4682,(#4686,#4693),.PCURVE_S1.);
#4682 = LINE('',#4683,#4684);
#4683 = CARTESIAN_POINT('',(14.143044735251,-9.755144051332,
    0.224885736037));
#4684 = VECTOR('',#4685,1.);
#4685 = DIRECTION('',(1.073761194781E-02,-7.483636029464E-03,
    -0.999914345772));
#4686 = PCURVE('',#1644,#4687);
#4687 = DEFINITIONAL_REPRESENTATION('',(#4688),#4692);
#4688 = LINE('',#4689,#4690);
#4689 = CARTESIAN_POINT('',(-17.07159842337,-0.221906719783));
#4690 = VECTOR('',#4691,1.);
#4691 = DIRECTION('',(-1.299749265437E-02,0.999915529025));
#4692 = ( GEOMETRIC_REPRESENTATION_CONTEXT(2) 
PARAMETRIC_REPRESENTATION_CONTEXT() REPRESENTATION_CONTEXT('2D SPACE',''
  ) );
#4693 = PCURVE('',#2477,#4694);
#4694 = DEFINITIONAL_REPRESENTATION('',(#4695),#4699);
#4695 = LINE('',#4696,#4697);
#4696 = CARTESIAN_POINT('',(-17.08991844871,-0.222618142201));
#4697 = VECTOR('',#4698,1.);
#4698 = DIRECTION('',(-1.302517960482E-02,0.99991516875));
#4699 = ( GEOMETRIC_REPRESENTATION_CONTEXT(2) 
PARAMETRIC_REPRESENTATION_CONTEXT() REPRESENTATION_CONTEXT('2D SPACE',''
  ) );
#4700 = ADVANCED_FACE('',(#4701),#2477,.F.);
#4701 = FACE_BOUND('',#4702,.F.);
#4702 = EDGE_LOOP('',(#4703,#4704,#4705));
#4703 = ORIENTED_EDGE('',*,*,#2460,.T.);
#4704 = ORIENTED_EDGE('',*,*,#3130,.F.);
#4705 = ORIENTED_EDGE('',*,*,#4680,.T.);
#4706 = ADVANCED_FACE('',(#4707),#2557,.T.);
#4707 = FACE_BOUND('',#4708,.T.);
#4708 = EDGE_LOOP('',(#4709,#4710,#4711));
#4709 = ORIENTED_EDGE('',*,*,#2542,.T.);
#4710 = ORIENTED_EDGE('',*,*,#3048,.F.);
#4711 = ORIENTED_EDGE('',*,*,#4712,.T.);
#4712 = EDGE_CURVE('',#86,#1657,#4713,.T.);
#4713 = SURFACE_CURVE('',#4714,(#4718,#4725),.PCURVE_S1.);
#4714 = LINE('',#4715,#4716);
#4715 = CARTESIAN_POINT('',(13.236305816779,-9.161707199221,
    0.680563623498));
#4716 = VECTOR('',#4717,1.);
#4717 = DIRECTION('',(6.391246137642E-03,-6.489170382365E-02,
    -0.997871844852));
#4718 = PCURVE('',#2557,#4719);
#4719 = DEFINITIONAL_REPRESENTATION('',(#4720),#4724);
#4720 = LINE('',#4721,#4722);
#4721 = CARTESIAN_POINT('',(11.119508508344,0.725335948698));
#4722 = VECTOR('',#4723,1.);
#4723 = DIRECTION('',(6.509259614096E-02,-0.997879228127));
#4724 = ( GEOMETRIC_REPRESENTATION_CONTEXT(2) 
PARAMETRIC_REPRESENTATION_CONTEXT() REPRESENTATION_CONTEXT('2D SPACE',''
  ) );
#4725 = PCURVE('',#1700,#4726);
#4726 = DEFINITIONAL_REPRESENTATION('',(#4727),#4731);
#4727 = LINE('',#4728,#4729);
#4728 = CARTESIAN_POINT('',(10.414970517125,0.680563623498));
#4729 = VECTOR('',#4730,1.);
#4730 = DIRECTION('',(6.52056842026E-02,-0.997871844852));
#4731 = ( GEOMETRIC_REPRESENTATION_CONTEXT(2) 
PARAMETRIC_REPRESENTATION_CONTEXT() REPRESENTATION_CONTEXT('2D SPACE',''
  ) );
#4732 = ADVANCED_FACE('',(#4733),#1700,.T.);
#4733 = FACE_BOUND('',#4734,.F.);
#4734 = EDGE_LOOP('',(#4735,#4736,#4737));
#4735 = ORIENTED_EDGE('',*,*,#1685,.T.);
#4736 = ORIENTED_EDGE('',*,*,#4483,.T.);
#4737 = ORIENTED_EDGE('',*,*,#4712,.T.);
#4738 = ADVANCED_FACE('',(#4739),#2664,.T.);
#4739 = FACE_BOUND('',#4740,.F.);
#4740 = EDGE_LOOP('',(#4741,#4742,#4763));
#4741 = ORIENTED_EDGE('',*,*,#2649,.T.);
#4742 = ORIENTED_EDGE('',*,*,#4743,.F.);
#4743 = EDGE_CURVE('',#1943,#2650,#4744,.T.);
#4744 = SURFACE_CURVE('',#4745,(#4749,#4756),.PCURVE_S1.);
#4745 = LINE('',#4746,#4747);
#4746 = CARTESIAN_POINT('',(21.412965603468,0.609698126027,
    20.532140134075));
#4747 = VECTOR('',#4748,1.);
#4748 = DIRECTION('',(-3.794609786234E-02,0.99923072607,
    9.902006601899E-03));
#4749 = PCURVE('',#2664,#4750);
#4750 = DEFINITIONAL_REPRESENTATION('',(#4751),#4755);
#4751 = LINE('',#4752,#4753);
#4752 = CARTESIAN_POINT('',(19.29726623501,0.748021028893));
#4753 = VECTOR('',#4754,1.);
#4754 = DIRECTION('',(-3.873396747589E-02,0.9992495583));
#4755 = ( GEOMETRIC_REPRESENTATION_CONTEXT(2) 
PARAMETRIC_REPRESENTATION_CONTEXT() REPRESENTATION_CONTEXT('2D SPACE',''
  ) );
#4756 = PCURVE('',#2693,#4757);
#4757 = DEFINITIONAL_REPRESENTATION('',(#4758),#4762);
#4758 = LINE('',#4759,#4760);
#4759 = CARTESIAN_POINT('',(14.530778396628,0.569848815078));
#4760 = VECTOR('',#4761,1.);
#4761 = DIRECTION('',(-3.918655322678E-02,0.999231912044));
#4762 = ( GEOMETRIC_REPRESENTATION_CONTEXT(2) 
PARAMETRIC_REPRESENTATION_CONTEXT() REPRESENTATION_CONTEXT('2D SPACE',''
  ) );
#4763 = ORIENTED_EDGE('',*,*,#4764,.T.);
#4764 = EDGE_CURVE('',#1943,#2575,#4765,.T.);
#4765 = SURFACE_CURVE('',#4766,(#4770,#4777),.PCURVE_S1.);
#4766 = LINE('',#4767,#4768);
#4767 = CARTESIAN_POINT('',(20.730550847396,1.799170886236,
    20.60669296526));
#4768 = VECTOR('',#4769,1.);
#4769 = DIRECTION('',(-0.102450092167,0.99460578571,1.622681876316E-02)
  );
#4770 = PCURVE('',#2664,#4771);
#4771 = DEFINITIONAL_REPRESENTATION('',(#4772),#4776);
#4772 = LINE('',#4773,#4774);
#4773 = CARTESIAN_POINT('',(18.610830008531,1.937516206772));
#4774 = VECTOR('',#4775,1.);
#4775 = DIRECTION('',(-0.103547297307,0.994624530775));
#4776 = ( GEOMETRIC_REPRESENTATION_CONTEXT(2) 
PARAMETRIC_REPRESENTATION_CONTEXT() REPRESENTATION_CONTEXT('2D SPACE',''
  ) );
#4777 = PCURVE('',#4438,#4778);
#4778 = DEFINITIONAL_REPRESENTATION('',(#4779),#4783);
#4779 = LINE('',#4780,#4781);
#4780 = CARTESIAN_POINT('',(17.25165487031,1.799170886236));
#4781 = VECTOR('',#4782,1.);
#4782 = DIRECTION('',(-0.103727195239,0.99460578571));
#4783 = ( GEOMETRIC_REPRESENTATION_CONTEXT(2) 
PARAMETRIC_REPRESENTATION_CONTEXT() REPRESENTATION_CONTEXT('2D SPACE',''
  ) );
#4784 = ADVANCED_FACE('',(#4785),#4438,.T.);
#4785 = FACE_BOUND('',#4786,.F.);
#4786 = EDGE_LOOP('',(#4787,#4788,#4789));
#4787 = ORIENTED_EDGE('',*,*,#4424,.T.);
#4788 = ORIENTED_EDGE('',*,*,#4764,.F.);
#4789 = ORIENTED_EDGE('',*,*,#4511,.T.);
#4790 = ADVANCED_FACE('',(#4791),#2693,.T.);
#4791 = FACE_BOUND('',#4792,.F.);
#4792 = EDGE_LOOP('',(#4793,#4794,#4815));
#4793 = ORIENTED_EDGE('',*,*,#2676,.T.);
#4794 = ORIENTED_EDGE('',*,*,#4795,.F.);
#4795 = EDGE_CURVE('',#1943,#2677,#4796,.T.);
#4796 = SURFACE_CURVE('',#4797,(#4801,#4808),.PCURVE_S1.);
#4797 = LINE('',#4798,#4799);
#4798 = CARTESIAN_POINT('',(21.927679140095,-0.353853325585,
    20.377555134525));
#4799 = VECTOR('',#4800,1.);
#4800 = DIRECTION('',(2.454743536186E-02,0.999657648888,
    -9.055850989138E-03));
#4801 = PCURVE('',#2693,#4802);
#4802 = DEFINITIONAL_REPRESENTATION('',(#4803),#4807);
#4803 = LINE('',#4804,#4805);
#4804 = CARTESIAN_POINT('',(15.068202198655,-0.393703780161));
#4805 = VECTOR('',#4806,1.);
#4806 = DIRECTION('',(2.61192050098E-02,0.999658835368));
#4807 = ( GEOMETRIC_REPRESENTATION_CONTEXT(2) 
PARAMETRIC_REPRESENTATION_CONTEXT() REPRESENTATION_CONTEXT('2D SPACE',''
  ) );
#4808 = PCURVE('',#2012,#4809);
#4809 = DEFINITIONAL_REPRESENTATION('',(#4810),#4814);
#4810 = LINE('',#4811,#4812);
#4811 = CARTESIAN_POINT('',(10.286594412777,-0.267368980556));
#4812 = VECTOR('',#4813,1.);
#4813 = DIRECTION('',(2.59832069369E-02,0.999662379485));
#4814 = ( GEOMETRIC_REPRESENTATION_CONTEXT(2) 
PARAMETRIC_REPRESENTATION_CONTEXT() REPRESENTATION_CONTEXT('2D SPACE',''
  ) );
#4815 = ORIENTED_EDGE('',*,*,#4743,.T.);
#4816 = ADVANCED_FACE('',(#4817),#2012,.T.);
#4817 = FACE_BOUND('',#4818,.F.);
#4818 = EDGE_LOOP('',(#4819,#4820,#4821));
#4819 = ORIENTED_EDGE('',*,*,#1997,.T.);
#4820 = ORIENTED_EDGE('',*,*,#4795,.T.);
#4821 = ORIENTED_EDGE('',*,*,#4822,.T.);
#4822 = EDGE_CURVE('',#2677,#1943,#4823,.T.);
#4823 = SURFACE_CURVE('',#4824,(#4828,#4835),.PCURVE_S1.);
#4824 = LINE('',#4825,#4826);
#4825 = CARTESIAN_POINT('',(21.887256622314,-2.,20.392467498779));
#4826 = VECTOR('',#4827,1.);
#4827 = DIRECTION('',(6.815808085421E-02,-0.996944088129,
    -3.817016058551E-02));
#4828 = PCURVE('',#2012,#4829);
#4829 = DEFINITIONAL_REPRESENTATION('',(#4830),#4834);
#4830 = LINE('',#4831,#4832);
#4831 = CARTESIAN_POINT('',(10.243807594972,-1.913523444894));
#4832 = VECTOR('',#4833,1.);
#4833 = DIRECTION('',(7.805817346746E-02,-0.996948805885));
#4834 = ( GEOMETRIC_REPRESENTATION_CONTEXT(2) 
PARAMETRIC_REPRESENTATION_CONTEXT() REPRESENTATION_CONTEXT('2D SPACE',''
  ) );
#4835 = PCURVE('',#2721,#4836);
#4836 = DEFINITIONAL_REPRESENTATION('',(#4837),#4841);
#4837 = LINE('',#4838,#4839);
#4838 = CARTESIAN_POINT('',(9.689932863485,-1.956458081491));
#4839 = VECTOR('',#4840,1.);
#4840 = DIRECTION('',(7.810334790231E-02,-0.996945267829));
#4841 = ( GEOMETRIC_REPRESENTATION_CONTEXT(2) 
PARAMETRIC_REPRESENTATION_CONTEXT() REPRESENTATION_CONTEXT('2D SPACE',''
  ) );
#4842 = ADVANCED_FACE('',(#4843),#2721,.T.);
#4843 = FACE_BOUND('',#4844,.T.);
#4844 = EDGE_LOOP('',(#4845,#4846,#4847));
#4845 = ORIENTED_EDGE('',*,*,#2705,.T.);
#4846 = ORIENTED_EDGE('',*,*,#4822,.T.);
#4847 = ORIENTED_EDGE('',*,*,#4848,.T.);
#4848 = EDGE_CURVE('',#1943,#2706,#4849,.T.);
#4849 = SURFACE_CURVE('',#4850,(#4854,#4861),.PCURVE_S1.);
#4850 = LINE('',#4851,#4852);
#4851 = CARTESIAN_POINT('',(22.210615789874,8.715253264012E-02,
    20.223269727095));
#4852 = VECTOR('',#4853,1.);
#4853 = DIRECTION('',(-1.07374530468E-02,0.999914348668,
    7.48347711903E-03));
#4854 = PCURVE('',#2721,#4855);
#4855 = DEFINITIONAL_REPRESENTATION('',(#4856),#4860);
#4856 = LINE('',#4857,#4858);
#4857 = CARTESIAN_POINT('',(10.054869471192,0.13069692091));
#4858 = VECTOR('',#4859,1.);
#4859 = DIRECTION('',(-1.299727277034E-02,0.999915531883));
#4860 = ( GEOMETRIC_REPRESENTATION_CONTEXT(2) 
PARAMETRIC_REPRESENTATION_CONTEXT() REPRESENTATION_CONTEXT('2D SPACE',''
  ) );
#4861 = PCURVE('',#1958,#4862);
#4862 = DEFINITIONAL_REPRESENTATION('',(#4863),#4867);
#4863 = LINE('',#4864,#4865);
#4864 = CARTESIAN_POINT('',(3.754985769286,4.891264021801E-02));
#4865 = VECTOR('',#4866,1.);
#4866 = DIRECTION('',(-1.302494711053E-02,0.999915171778));
#4867 = ( GEOMETRIC_REPRESENTATION_CONTEXT(2) 
PARAMETRIC_REPRESENTATION_CONTEXT() REPRESENTATION_CONTEXT('2D SPACE',''
  ) );
#4868 = ADVANCED_FACE('',(#4869),#1958,.T.);
#4869 = FACE_BOUND('',#4870,.F.);
#4870 = EDGE_LOOP('',(#4871,#4872,#4873));
#4871 = ORIENTED_EDGE('',*,*,#1942,.T.);
#4872 = ORIENTED_EDGE('',*,*,#4848,.T.);
#4873 = ORIENTED_EDGE('',*,*,#4874,.T.);
#4874 = EDGE_CURVE('',#2706,#1914,#4875,.T.);
#4875 = SURFACE_CURVE('',#4876,(#4880,#4887),.PCURVE_S1.);
#4876 = LINE('',#4877,#4878);
#4877 = CARTESIAN_POINT('',(22.233028411865,-2.,20.207649230957));
#4878 = VECTOR('',#4879,1.);
#4879 = DIRECTION('',(5.040449894104E-02,-0.997871851859,
    -4.136609426174E-02));
#4880 = PCURVE('',#1958,#4881);
#4881 = DEFINITIONAL_REPRESENTATION('',(#4882),#4886);
#4882 = LINE('',#4883,#4884);
#4883 = CARTESIAN_POINT('',(3.782173149271,-2.038241610526));
#4884 = VECTOR('',#4885,1.);
#4885 = DIRECTION('',(6.519300503438E-02,-0.997872673288));
#4886 = ( GEOMETRIC_REPRESENTATION_CONTEXT(2) 
PARAMETRIC_REPRESENTATION_CONTEXT() REPRESENTATION_CONTEXT('2D SPACE',''
  ) );
#4887 = PCURVE('',#2750,#4888);
#4888 = DEFINITIONAL_REPRESENTATION('',(#4889),#4893);
#4889 = LINE('',#4890,#4891);
#4890 = CARTESIAN_POINT('',(4.366699098113,-2.));
#4891 = VECTOR('',#4892,1.);
#4892 = DIRECTION('',(6.520557696983E-02,-0.997871851859));
#4893 = ( GEOMETRIC_REPRESENTATION_CONTEXT(2) 
PARAMETRIC_REPRESENTATION_CONTEXT() REPRESENTATION_CONTEXT('2D SPACE',''
  ) );
#4894 = ADVANCED_FACE('',(#4895),#2750,.T.);
#4895 = FACE_BOUND('',#4896,.F.);
#4896 = EDGE_LOOP('',(#4897,#4898,#4919));
#4897 = ORIENTED_EDGE('',*,*,#2733,.T.);
#4898 = ORIENTED_EDGE('',*,*,#4899,.F.);
#4899 = EDGE_CURVE('',#1914,#2734,#4900,.T.);
#4900 = SURFACE_CURVE('',#4901,(#4905,#4912),.PCURVE_S1.);
#4901 = LINE('',#4902,#4903);
#4902 = CARTESIAN_POINT('',(22.536100387573,0.,19.958923339844));
#4903 = VECTOR('',#4904,1.);
#4904 = DIRECTION('',(0.,1.,0.));
#4905 = PCURVE('',#2750,#4906);
#4906 = DEFINITIONAL_REPRESENTATION('',(#4907),#4911);
#4907 = LINE('',#4908,#4909);
#4908 = CARTESIAN_POINT('',(4.758766938377,0.));
#4909 = VECTOR('',#4910,1.);
#4910 = DIRECTION('',(0.,1.));
#4911 = ( GEOMETRIC_REPRESENTATION_CONTEXT(2) 
PARAMETRIC_REPRESENTATION_CONTEXT() REPRESENTATION_CONTEXT('2D SPACE',''
  ) );
#4912 = PCURVE('',#1930,#4913);
#4913 = DEFINITIONAL_REPRESENTATION('',(#4914),#4918);
#4914 = LINE('',#4915,#4916);
#4915 = CARTESIAN_POINT('',(0.540700391711,0.));
#4916 = VECTOR('',#4917,1.);
#4917 = DIRECTION('',(0.,-1.));
#4918 = ( GEOMETRIC_REPRESENTATION_CONTEXT(2) 
PARAMETRIC_REPRESENTATION_CONTEXT() REPRESENTATION_CONTEXT('2D SPACE',''
  ) );
#4919 = ORIENTED_EDGE('',*,*,#4874,.F.);
#4920 = ADVANCED_FACE('',(#4921),#1930,.T.);
#4921 = FACE_BOUND('',#4922,.T.);
#4922 = EDGE_LOOP('',(#4923,#4924,#4945));
#4923 = ORIENTED_EDGE('',*,*,#1913,.T.);
#4924 = ORIENTED_EDGE('',*,*,#4925,.F.);
#4925 = EDGE_CURVE('',#2734,#1717,#4926,.T.);
#4926 = SURFACE_CURVE('',#4927,(#4931,#4938),.PCURVE_S1.);
#4927 = LINE('',#4928,#4929);
#4928 = CARTESIAN_POINT('',(22.536100387573,-2.,19.958923339844));
#4929 = VECTOR('',#4930,1.);
#4930 = DIRECTION('',(3.392413905001E-02,-0.998634819539,
    -3.971964243285E-02));
#4931 = PCURVE('',#1930,#4932);
#4932 = DEFINITIONAL_REPRESENTATION('',(#4933),#4937);
#4933 = LINE('',#4934,#4935);
#4934 = CARTESIAN_POINT('',(0.540700391711,2.));
#4935 = VECTOR('',#4936,1.);
#4936 = DIRECTION('',(-5.223501895547E-02,0.998634819539));
#4937 = ( GEOMETRIC_REPRESENTATION_CONTEXT(2) 
PARAMETRIC_REPRESENTATION_CONTEXT() REPRESENTATION_CONTEXT('2D SPACE',''
  ) );
#4938 = PCURVE('',#2779,#4939);
#4939 = DEFINITIONAL_REPRESENTATION('',(#4940),#4944);
#4940 = LINE('',#4941,#4942);
#4941 = CARTESIAN_POINT('',(1.131617234646,2.030896265036));
#4942 = VECTOR('',#4943,1.);
#4943 = DIRECTION('',(-5.222494780335E-02,0.998635346274));
#4944 = ( GEOMETRIC_REPRESENTATION_CONTEXT(2) 
PARAMETRIC_REPRESENTATION_CONTEXT() REPRESENTATION_CONTEXT('2D SPACE',''
  ) );
#4945 = ORIENTED_EDGE('',*,*,#4899,.F.);
#4946 = ADVANCED_FACE('',(#4947),#2779,.T.);
#4947 = FACE_BOUND('',#4948,.F.);
#4948 = EDGE_LOOP('',(#4949,#4950,#4971));
#4949 = ORIENTED_EDGE('',*,*,#2762,.T.);
#4950 = ORIENTED_EDGE('',*,*,#4951,.F.);
#4951 = EDGE_CURVE('',#1717,#2763,#4952,.T.);
#4952 = SURFACE_CURVE('',#4953,(#4957,#4964),.PCURVE_S1.);
#4953 = LINE('',#4954,#4955);
#4954 = CARTESIAN_POINT('',(22.800097268581,4.019795694123E-02,
    19.633941050534));
#4955 = VECTOR('',#4956,1.);
#4956 = DIRECTION('',(7.48347711903E-03,0.999914348668,
    -1.07374530468E-02));
#4957 = PCURVE('',#2779,#4958);
#4958 = DEFINITIONAL_REPRESENTATION('',(#4959),#4963);
#4959 = LINE('',#4960,#4961);
#4960 = CARTESIAN_POINT('',(0.712924685656,-9.302768018502E-03));
#4961 = VECTOR('',#4962,1.);
#4962 = DIRECTION('',(-1.304762805603E-02,-0.999914876078));
#4963 = ( GEOMETRIC_REPRESENTATION_CONTEXT(2) 
PARAMETRIC_REPRESENTATION_CONTEXT() REPRESENTATION_CONTEXT('2D SPACE',''
  ) );
#4964 = PCURVE('',#1879,#4965);
#4965 = DEFINITIONAL_REPRESENTATION('',(#4966),#4970);
#4966 = LINE('',#4967,#4968);
#4967 = CARTESIAN_POINT('',(7.143011448361,-9.261381248806E-02));
#4968 = VECTOR('',#4969,1.);
#4969 = DIRECTION('',(-1.296456397549E-02,-0.999915956509));
#4970 = ( GEOMETRIC_REPRESENTATION_CONTEXT(2) 
PARAMETRIC_REPRESENTATION_CONTEXT() REPRESENTATION_CONTEXT('2D SPACE',''
  ) );
#4971 = ORIENTED_EDGE('',*,*,#4925,.F.);
#4972 = ADVANCED_FACE('',(#4973),#1879,.T.);
#4973 = FACE_BOUND('',#4974,.F.);
#4974 = EDGE_LOOP('',(#4975,#4976,#4977));
#4975 = ORIENTED_EDGE('',*,*,#1864,.T.);
#4976 = ORIENTED_EDGE('',*,*,#4951,.T.);
#4977 = ORIENTED_EDGE('',*,*,#4978,.T.);
#4978 = EDGE_CURVE('',#2763,#1717,#4979,.T.);
#4979 = SURFACE_CURVE('',#4980,(#4984,#4991),.PCURVE_S1.);
#4980 = LINE('',#4981,#4982);
#4981 = CARTESIAN_POINT('',(22.784828186035,-2.,19.655849456787));
#4982 = VECTOR('',#4983,1.);
#4983 = DIRECTION('',(3.969674173165E-02,-0.995854316153,
    -8.184344625498E-02));
#4984 = PCURVE('',#1879,#4985);
#4985 = DEFINITIONAL_REPRESENTATION('',(#4986),#4990);
#4986 = LINE('',#4987,#4988);
#4987 = CARTESIAN_POINT('',(7.169463990992,1.947587425048));
#4988 = VECTOR('',#4989,1.);
#4989 = DIRECTION('',(-9.094499243446E-02,0.995855917466));
#4990 = ( GEOMETRIC_REPRESENTATION_CONTEXT(2) 
PARAMETRIC_REPRESENTATION_CONTEXT() REPRESENTATION_CONTEXT('2D SPACE',''
  ) );
#4991 = PCURVE('',#2807,#4992);
#4992 = DEFINITIONAL_REPRESENTATION('',(#4993),#4997);
#4993 = LINE('',#4994,#4995);
#4994 = CARTESIAN_POINT('',(6.594257851405,1.894700198434));
#4995 = VECTOR('',#4996,1.);
#4996 = DIRECTION('',(-9.089239496837E-02,0.995860719447));
#4997 = ( GEOMETRIC_REPRESENTATION_CONTEXT(2) 
PARAMETRIC_REPRESENTATION_CONTEXT() REPRESENTATION_CONTEXT('2D SPACE',''
  ) );
#4998 = ADVANCED_FACE('',(#4999),#2807,.T.);
#4999 = FACE_BOUND('',#5000,.T.);
#5000 = EDGE_LOOP('',(#5001,#5002,#5003));
#5001 = ORIENTED_EDGE('',*,*,#2791,.T.);
#5002 = ORIENTED_EDGE('',*,*,#4978,.T.);
#5003 = ORIENTED_EDGE('',*,*,#5004,.T.);
#5004 = EDGE_CURVE('',#1717,#2792,#5005,.T.);
#5005 = SURFACE_CURVE('',#5006,(#5010,#5017),.PCURVE_S1.);
#5006 = LINE('',#5007,#5008);
#5007 = CARTESIAN_POINT('',(22.953949781857,-0.267275130023,
    19.352625634696));
#5008 = VECTOR('',#5009,1.);
#5009 = DIRECTION('',(-9.055851059779E-03,0.999657656686,
    2.454711777074E-02));
#5010 = PCURVE('',#2807,#5011);
#5011 = DEFINITIONAL_REPRESENTATION('',(#5012),#5016);
#5012 = LINE('',#5013,#5014);
#5013 = CARTESIAN_POINT('',(6.247114954893,0.161964187123));
#5014 = VECTOR('',#5015,1.);
#5015 = DIRECTION('',(2.591752865135E-02,-0.999664084435));
#5016 = ( GEOMETRIC_REPRESENTATION_CONTEXT(2) 
PARAMETRIC_REPRESENTATION_CONTEXT() REPRESENTATION_CONTEXT('2D SPACE',''
  ) );
#5017 = PCURVE('',#2836,#5018);
#5018 = DEFINITIONAL_REPRESENTATION('',(#5019),#5023);
#5019 = LINE('',#5020,#5021);
#5020 = CARTESIAN_POINT('',(11.856142645696,0.30977509921));
#5021 = VECTOR('',#5022,1.);
#5022 = DIRECTION('',(2.61189011145E-02,-0.999658843308));
#5023 = ( GEOMETRIC_REPRESENTATION_CONTEXT(2) 
PARAMETRIC_REPRESENTATION_CONTEXT() REPRESENTATION_CONTEXT('2D SPACE',''
  ) );
#5024 = ADVANCED_FACE('',(#5025),#2836,.T.);
#5025 = FACE_BOUND('',#5026,.F.);
#5026 = EDGE_LOOP('',(#5027,#5028,#5049));
#5027 = ORIENTED_EDGE('',*,*,#2819,.T.);
#5028 = ORIENTED_EDGE('',*,*,#5029,.F.);
#5029 = EDGE_CURVE('',#1717,#2820,#5030,.T.);
#5030 = SURFACE_CURVE('',#5031,(#5035,#5042),.PCURVE_S1.);
#5031 = LINE('',#5032,#5033);
#5032 = CARTESIAN_POINT('',(23.108098100709,0.486485809776,
    18.84046488402));
#5033 = VECTOR('',#5034,1.);
#5034 = DIRECTION('',(9.902006482545E-03,0.999230714026,
    -3.794641505185E-02));
#5035 = PCURVE('',#2836,#5036);
#5036 = DEFINITIONAL_REPRESENTATION('',(#5037),#5041);
#5037 = LINE('',#5038,#5039);
#5038 = CARTESIAN_POINT('',(11.321288469398,-0.443986735326));
#5039 = VECTOR('',#5040,1.);
#5040 = DIRECTION('',(-3.918685672361E-02,-0.999231900141));
#5041 = ( GEOMETRIC_REPRESENTATION_CONTEXT(2) 
PARAMETRIC_REPRESENTATION_CONTEXT() REPRESENTATION_CONTEXT('2D SPACE',''
  ) );
#5042 = PCURVE('',#4551,#5043);
#5043 = DEFINITIONAL_REPRESENTATION('',(#5044),#5048);
#5044 = LINE('',#5045,#5046);
#5045 = CARTESIAN_POINT('',(14.993604023073,-0.585620258936));
#5046 = VECTOR('',#5047,1.);
#5047 = DIRECTION('',(-3.902824687706E-02,-0.999238107733));
#5048 = ( GEOMETRIC_REPRESENTATION_CONTEXT(2) 
PARAMETRIC_REPRESENTATION_CONTEXT() REPRESENTATION_CONTEXT('2D SPACE',''
  ) );
#5049 = ORIENTED_EDGE('',*,*,#5004,.T.);
#5050 = ADVANCED_FACE('',(#5051),#4551,.F.);
#5051 = FACE_BOUND('',#5052,.T.);
#5052 = EDGE_LOOP('',(#5053,#5054,#5055));
#5053 = ORIENTED_EDGE('',*,*,#4537,.T.);
#5054 = ORIENTED_EDGE('',*,*,#5029,.T.);
#5055 = ORIENTED_EDGE('',*,*,#5056,.F.);
#5056 = EDGE_CURVE('',#1717,#2820,#5057,.T.);
#5057 = SURFACE_CURVE('',#5058,(#5062,#5069),.PCURVE_S1.);
#5058 = LINE('',#5059,#5060);
#5059 = CARTESIAN_POINT('',(23.077612778751,-1.087387893372,
    18.994238001765));
#5060 = VECTOR('',#5061,1.);
#5061 = DIRECTION('',(-6.391246137642E-03,0.997871844852,
    6.489170382365E-02));
#5062 = PCURVE('',#4551,#5063);
#5063 = DEFINITIONAL_REPRESENTATION('',(#5064),#5068);
#5064 = LINE('',#5065,#5066);
#5065 = CARTESIAN_POINT('',(15.150252893718,0.988265089933));
#5066 = VECTOR('',#5067,1.);
#5067 = DIRECTION('',(6.509259036252E-02,-0.997879228504));
#5068 = ( GEOMETRIC_REPRESENTATION_CONTEXT(2) 
PARAMETRIC_REPRESENTATION_CONTEXT() REPRESENTATION_CONTEXT('2D SPACE',''
  ) );
#5069 = PCURVE('',#2890,#5070);
#5070 = DEFINITIONAL_REPRESENTATION('',(#5071),#5075);
#5071 = LINE('',#5072,#5073);
#5072 = CARTESIAN_POINT('',(16.640784871714,1.087387893372));
#5073 = VECTOR('',#5074,1.);
#5074 = DIRECTION('',(6.52056842026E-02,-0.997871844852));
#5075 = ( GEOMETRIC_REPRESENTATION_CONTEXT(2) 
PARAMETRIC_REPRESENTATION_CONTEXT() REPRESENTATION_CONTEXT('2D SPACE',''
  ) );
#5076 = ADVANCED_FACE('',(#5077),#2890,.T.);
#5077 = FACE_BOUND('',#5078,.F.);
#5078 = EDGE_LOOP('',(#5079,#5080,#5081));
#5079 = ORIENTED_EDGE('',*,*,#2875,.T.);
#5080 = ORIENTED_EDGE('',*,*,#4454,.T.);
#5081 = ORIENTED_EDGE('',*,*,#5056,.T.);
#5082 = ( GEOMETRIC_REPRESENTATION_CONTEXT(3) 
GLOBAL_UNCERTAINTY_ASSIGNED_CONTEXT((#5086)) 
GLOBAL_UNIT_ASSIGNED_CONTEXT((#5083,#5084,#5085)) REPRESENTATION_CONTEXT
('Context #1','3D Context with UNIT and UNCERTAINTY') );
#5083 = ( LENGTH_UNIT() NAMED_UNIT(*) SI_UNIT(.MILLI.,.METRE.) );
#5084 = ( NAMED_UNIT(*) PLANE_ANGLE_UNIT() SI_UNIT($,.RADIAN.) );
#5085 = ( NAMED_UNIT(*) SI_UNIT($,.STERADIAN.) SOLID_ANGLE_UNIT() );
#5086 = UNCERTAINTY_MEASURE_WITH_UNIT(LENGTH_MEASURE(5.),#5083,
  'distance_accuracy_value','confusion accuracy');
#5087 = PRODUCT_RELATED_PRODUCT_CATEGORY('part',$,(#7));
ENDSEC;
END-ISO-10303-21;
